id,loan_amnt,funded_amnt,funded_amnt_inv,term,int_rate,installment,grade,sub_grade,emp_title,emp_length,home_ownership,annual_inc,verification_status,issue_d,loan_status,pymnt_plan,url,desc,purpose,title,zip_code,addr_state,dti,delinq_2yrs,total_pymnt,total_pymnt_inv,total_rec_prncp,total_rec_int,total_rec_late_fee,recoveries,collection_recovery_fee,last_pymnt_d,last_pymnt_amnt
68407277,3600,3600,3600,36 months,13.99,123.03,C,C4,leadman,10+ years,MORTGAGE,55000,Not Verified,15-Dec,Fully Paid,n,https://lendingclub.com/browse/loanDetail.action?loan_id=68407277,,debt_consolidation,Debt consolidation,190xx,PA,5.91,0,4421.723917,4421.72,3600,821.72,0,0,0,Jan-19,122.67
68355089,24700,24700,24700,36 months,11.99,820.28,C,C1,Engineer,10+ years,MORTGAGE,65000,Not Verified,15-Dec,Fully Paid,n,https://lendingclub.com/browse/loanDetail.action?loan_id=68355089,,small_business,Business,577xx,SD,16.06,1,25679.66,25679.66,24700,979.66,0,0,0,Jun-16,926.35
68341763,20000,20000,20000,60 months,10.78,432.66,B,B4,truck driver,10+ years,MORTGAGE,63000,Not Verified,15-Dec,Fully Paid,n,https://lendingclub.com/browse/loanDetail.action?loan_id=68341763,,home_improvement,,605xx,IL,10.78,0,22705.92429,22705.92,20000,2705.92,0,0,0,Jun-17,15813.3
66310712,35000,35000,35000,60 months,14.85,829.9,C,C5,Information Systems Officer,10+ years,MORTGAGE,110000,Source Verified,15-Dec,Current,n,https://lendingclub.com/browse/loanDetail.action?loan_id=66310712,,debt_consolidation,Debt consolidation,076xx,NJ,17.06,0,31464.01,31464.01,19102.35,12361.66,0,0,0,Feb-19,829.9
68476807,10400,10400,10400,60 months,22.45,289.91,F,F1,Contract Specialist,3 years,MORTGAGE,104433,Source Verified,15-Dec,Fully Paid,n,https://lendingclub.com/browse/loanDetail.action?loan_id=68476807,,major_purchase,Major purchase,174xx,PA,25.37,1,11740.5,11740.5,10400,1340.5,0,0,0,Jul-16,10128.96
68426831,11950,11950,11950,36 months,13.44,405.18,C,C3,Veterinary Tecnician,4 years,RENT,34000,Source Verified,15-Dec,Fully Paid,n,https://lendingclub.com/browse/loanDetail.action?loan_id=68426831,,debt_consolidation,Debt consolidation,300xx,GA,10.2,0,13708.94853,13708.95,11950,1758.95,0,0,0,May-17,7653.56
68476668,20000,20000,20000,36 months,9.17,637.58,B,B2,Vice President of Recruiting Operations,10+ years,MORTGAGE,180000,Not Verified,15-Dec,Fully Paid,n,https://lendingclub.com/browse/loanDetail.action?loan_id=68476668,,debt_consolidation,Debt consolidation,550xx,MN,14.67,0,21393.8,21393.8,20000,1393.8,0,0,0,Nov-16,15681.05
67275481,20000,20000,20000,36 months,8.49,631.26,B,B1,road driver,10+ years,MORTGAGE,85000,Not Verified,15-Dec,Fully Paid,n,https://lendingclub.com/browse/loanDetail.action?loan_id=67275481,,major_purchase,Major purchase,293xx,SC,17.61,1,21538.50898,21538.51,20000,1538.51,0,0,0,Jan-17,14618.23
68466926,10000,10000,10000,36 months,6.49,306.45,A,A2,SERVICE MANAGER,6 years,RENT,85000,Not Verified,15-Dec,Fully Paid,n,https://lendingclub.com/browse/loanDetail.action?loan_id=68466926,,credit_card,Credit card refinancing,160xx,PA,13.07,0,10998.97157,10998.97,10000,998.97,0,0,0,Aug-18,1814.48
68616873,8000,8000,8000,36 months,11.48,263.74,B,B5,Vendor liaison,10+ years,MORTGAGE,42000,Not Verified,15-Dec,Fully Paid,n,https://lendingclub.com/browse/loanDetail.action?loan_id=68616873,,credit_card,Credit card refinancing,029xx,RI,34.8,0,8939.580503,8939.58,8000,939.58,0,0,0,Apr-17,4996.24
68356421,22400,22400,22400,60 months,12.88,508.3,C,C2,Executive Director,6 years,MORTGAGE,95000,Not Verified,15-Dec,Current,n,https://lendingclub.com/browse/loanDetail.action?loan_id=68356421,,debt_consolidation,Debt consolidation,290xx,SC,22.98,0,19275.33,19275.33,12487.12,6788.21,0,0,0,Feb-19,508.3
68426545,16000,16000,16000,60 months,12.88,363.07,C,C2,Senior Structural Designer,1 year,MORTGAGE,70000,Not Verified,15-Dec,Current,n,https://lendingclub.com/browse/loanDetail.action?loan_id=68426545,,debt_consolidation,Debt consolidation,786xx,TX,26.4,0,13768.04,13768.04,8919.3,4848.74,0,0,0,Feb-19,363.07
68338832,1400,1400,1400,36 months,12.88,47.1,C,C2,Logistics Manager,3 years,MORTGAGE,64000,Not Verified,15-Dec,Fully Paid,n,https://lendingclub.com/browse/loanDetail.action?loan_id=68338832,,other,,275xx,NC,34.95,0,1575.160698,1575.16,1400,175.16,0,0,0,Mar-17,965.36
66624733,18000,18000,18000,60 months,19.48,471.7,E,E2,Software Manager,7 years,RENT,150000,Not Verified,15-Dec,Charged Off,n,https://lendingclub.com/browse/loanDetail.action?loan_id=66624733,,debt_consolidation,Debt consolidation,916xx,CA,9.39,0,9452.74,9452.74,3481.86,4351.98,0,1618.9,291.402,May-17,471.7
68466961,28000,28000,28000,36 months,6.49,858.05,A,A2,Senior Manager,10+ years,MORTGAGE,92000,Not Verified,15-Dec,Fully Paid,n,https://lendingclub.com/browse/loanDetail.action?loan_id=68466961,,debt_consolidation,Debt consolidation,275xx,NC,21.6,0,29939.017729337003,29939.02,28000,1939.02,0,0,0,May-17,17093.51
68354783,9600,9600,9600,36 months,7.49,298.58,A,A4,tech,8 years,MORTGAGE,60000,Not Verified,15-Dec,Fully Paid,n,https://lendingclub.com/browse/loanDetail.action?loan_id=68354783,,credit_card,Credit card refinancing,299xx,SC,22.44,0,10636.098427692801,10636.1,9600,1036.1,0,0,0,Feb-18,3480.17
68466916,25000,25000,25000,36 months,7.49,777.55,A,A4,Sales Manager,10+ years,MORTGAGE,109000,Not Verified,15-Dec,Fully Paid,n,https://lendingclub.com/browse/loanDetail.action?loan_id=68466916,,debt_consolidation,Debt consolidation,226xx,VA,26.02,0,26224.23,26224.23,25000,1224.23,0,0,0,Sep-16,20807.39
68577849,18000,18000,18000,60 months,11.99,400.31,C,C1,GS-11,10+ years,MORTGAGE,112000,Not Verified,15-Dec,Fully Paid,n,https://lendingclub.com/browse/loanDetail.action?loan_id=68577849,,debt_consolidation,Debt consolidation,856xx,AZ,8.68,0,18387.22,18387.22,18000,387.22,0,0,0,Mar-16,18004.9
68506798,23000,23000,23000,60 months,8.49,471.77,B,B1,Teacher,5 years,RENT,64000,Not Verified,15-Dec,Current,n,https://lendingclub.com/browse/loanDetail.action?loan_id=68506798,,credit_card,Credit card refinancing,117xx,NY,18.28,0,17900.14,17900.14,13419.8,4480.34,0,0,0,Feb-19,471.77
68495092,8650,8650,8650,36 months,19.89,320.99,E,E3,Program Coordinator ,8 years,RENT,55000,Verified,15-Dec,Fully Paid,n,https://lendingclub.com/browse/loanDetail.action?loan_id=68495092,,debt_consolidation,Debt consolidation,462xx,IN,25.49,0,9190.49,9190.49,8650,540.49,0,0,0,May-16,8251.42
68566886,29900,29900,29900,60 months,12.88,678.49,C,C2,Corporate Insurance,10+ years,MORTGAGE,65000,Verified,15-Dec,Fully Paid,n,https://lendingclub.com/browse/loanDetail.action?loan_id=68566886,,debt_consolidation,Debt consolidation,219xx,MD,21.77,0,34033.21418,34033.21,29900,4133.21,0,0,0,Mar-17,25234.24
68009401,16000,16000,16000,60 months,14.85,379.39,C,C5,Bookkeeper/Accounting,10+ years,MORTGAGE,48000,Not Verified,15-Dec,Fully Paid,n,https://lendingclub.com/browse/loanDetail.action?loan_id=68009401,,credit_card,Credit card refinancing,297xx,SC,33.18,0,19498.09211,19498.09,16000,3498.09,0,0,0,Sep-17,12322.68
68476702,28000,28000,28000,36 months,13.44,949.38,C,C3,Director of Product Development ,2 years,OWN,125000,Source Verified,15-Dec,Fully Paid,n,https://lendingclub.com/browse/loanDetail.action?loan_id=68476702,,debt_consolidation,Debt consolidation,100xx,NY,7.49,0,33320.39332,33320.39,28000,5320.39,0,0,0,Dec-17,12486.3
68436666,5000,5000,5000,36 months,13.44,169.54,C,C3,General Manager,2 years,RENT,79000,Verified,15-Dec,Fully Paid,n,https://lendingclub.com/browse/loanDetail.action?loan_id=68436666,,credit_card,Credit card refinancing,214xx,MD,12.7,0,6117.453197,6117.45,5000,1117.45,0,0,0,Jan-19,169.17
68476715,6000,6000,6000,36 months,7.49,186.61,A,A4,Analyst,10+ years,MORTGAGE,100000,Not Verified,15-Dec,Fully Paid,n,https://lendingclub.com/browse/loanDetail.action?loan_id=68476715,,debt_consolidation,Debt consolidation,750xx,TX,13.28,1,6711.710106701999,6711.71,6000,711.71,0,0,0,Jan-19,186.6
67849662,4225,4225,4225,36 months,14.85,146.16,C,C5,mechanic,5 years,RENT,35000,Source Verified,15-Dec,Charged Off,n,https://lendingclub.com/browse/loanDetail.action?loan_id=67849662,,debt_consolidation,Debt consolidation,672xx,KS,15.22,2,2558.87,2558.87,1536.9,653.6,0,368.37,66.3066,Apr-17,146.16
68596180,20000,20000,20000,36 months,5.32,602.3,A,A1,driver,9 years,OWN,65000,Not Verified,15-Dec,Fully Paid,n,https://lendingclub.com/browse/loanDetail.action?loan_id=68596180,,debt_consolidation,Debt consolidation,125xx,NY,18.83,0,21631.724328904198,21631.72,20000,1631.72,0,0,0,Aug-18,3577.5
68526907,16000,16000,16000,60 months,17.97,406.04,D,D4,Professional Sales Associate,< 1 year,MORTGAGE,109000,Source Verified,15-Dec,Fully Paid,n,https://lendingclub.com/browse/loanDetail.action?loan_id=68526907,,debt_consolidation,Debt consolidation,880xx,NM,23.35,0,17471.57,17471.57,16000,1471.57,0,0,0,Jul-16,15481.3
68607141,17600,17600,17600,36 months,5.32,530.03,A,A1,Network Security Specialist III,< 1 year,MORTGAGE,88000,Source Verified,15-Dec,Fully Paid,n,https://lendingclub.com/browse/loanDetail.action?loan_id=68607141,,credit_card,Credit card refinancing,672xx,KS,26.59,0,18305.08,18305.08,17600,705.08,0,0,0,Nov-16,17.88
68526883,15000,15000,15000,36 months,5.32,451.73,A,A1,DEPUTY SHERIFF,10+ years,MORTGAGE,44000,Source Verified,15-Dec,Fully Paid,n,https://lendingclub.com/browse/loanDetail.action?loan_id=68526883,,home_improvement,Home improvement,238xx,VA,15.34,0,16280.562475856399,16280.56,15000,1257.97,22.59,0,0,Jan-19,455.59
67715283,16000,16000,16000,36 months,12.88,538.18,C,C2,"Owner, Fee Appraiser ",10+ years,MORTGAGE,65000,Not Verified,15-Dec,Charged Off,n,https://lendingclub.com/browse/loanDetail.action?loan_id=67715283,,small_business,Business,354xx,AL,18.96,0,17396.63,17396.63,13833.12,3402.05,161.46,0,0,Nov-18,565.09
68341789,24250,24250,24250,60 months,24.24,701.01,F,F3,hvac technician,4 years,MORTGAGE,75000,Not Verified,15-Dec,Charged Off,n,https://lendingclub.com/browse/loanDetail.action?loan_id=68341789,,debt_consolidation,,114xx,NY,20.84,0,4124.42,4124.42,1332.69,2791.73,0,0,0,Jul-16,701.01
68533595,12000,12000,12000,36 months,10.78,391.62,B,B4,Public Affairs Specialist ,1 year,RENT,98000,Not Verified,15-Dec,Fully Paid,n,https://lendingclub.com/browse/loanDetail.action?loan_id=68533595,,debt_consolidation,Debt consolidation,993xx,WA,24.04,0,13349.66559,13349.67,12000,1349.67,0,0,0,Apr-17,7884.96
68415473,25000,25000,25000,60 months,13.99,581.58,C,C4,Executive Assistant,9 years,MORTGAGE,79000,Not Verified,15-Dec,Charged Off,n,https://lendingclub.com/browse/loanDetail.action?loan_id=68415473,,debt_consolidation,Debt consolidation,212xx,MD,34.53,0,14490.92,14490.92,8364.55,6126.37,0,0,0,Feb-18,581.58
68537655,16800,16800,16800,60 months,12.88,381.23,C,C2,CEO,10+ years,MORTGAGE,118000,Not Verified,15-Dec,Current,n,https://lendingclub.com/browse/loanDetail.action?loan_id=68537655,,debt_consolidation,Debt consolidation,636xx,MO,34.29,0,14456.69,14456.69,9365.57,5091.12,0,0,0,Feb-19,381.23
68446769,7000,7000,7000,36 months,7.49,217.72,A,A4,Carrier,10+ years,MORTGAGE,59000,Not Verified,15-Dec,Fully Paid,n,https://lendingclub.com/browse/loanDetail.action?loan_id=68446769,,credit_card,Credit card refinancing,215xx,MD,13.06,1,7806.099471192901,7806.1,7000,806.1,0,0,0,Oct-18,425.19
68367011,21000,21000,21000,60 months,13.99,488.53,C,C4,Resident physician,< 1 year,RENT,52000,Source Verified,15-Dec,Fully Paid,n,https://lendingclub.com/browse/loanDetail.action?loan_id=68367011,,credit_card,Credit card refinancing,441xx,OH,14.47,0,27285.807861269102,27285.81,21000,6285.81,0,0,0,Aug-18,12548.3
68407301,27500,27500,27500,60 months,14.85,652.06,C,C5,Manager,10+ years,MORTGAGE,195000,Not Verified,15-Dec,Fully Paid,n,https://lendingclub.com/browse/loanDetail.action?loan_id=68407301,,other,Other,710xx,LA,6.79,0,29753.17,29753.17,27500,2253.17,0,0,0,Aug-16,25897.53
68356614,7200,7200,7200,36 months,11.48,237.36,B,B5,Legal Administrative Assistant,10+ years,MORTGAGE,72500,Verified,15-Dec,Fully Paid,n,https://lendingclub.com/browse/loanDetail.action?loan_id=68356614,,home_improvement,Home improvement,300xx,GA,8.47,0,8253.861926,8253.86,7200,1053.86,0,0,0,Sep-17,3755.5
68426865,20000,20000,20000,36 months,14.85,691.84,C,C5,GM,6 years,RENT,110000,Not Verified,15-Dec,Fully Paid,n,https://lendingclub.com/browse/loanDetail.action?loan_id=68426865,,credit_card,Credit card refinancing,606xx,IL,12.45,0,24889.01336,24889.01,20000,4889.01,0,0,0,Dec-18,1407.7
68476676,20000,20000,20000,36 months,15.77,700.88,D,D1,Clinical Intake,5 years,RENT,70000,Not Verified,15-Dec,Fully Paid,n,https://lendingclub.com/browse/loanDetail.action?loan_id=68476676,,house,Home buying,331xx,FL,22.21,0,21780.58678,21780.59,20000,1780.59,0,0,0,Dec-16,2815.6
68566951,10000,10000,10000,60 months,17.97,253.78,D,D4,Educator ,2 years,MORTGAGE,55000,Not Verified,15-Dec,Charged Off,n,https://lendingclub.com/browse/loanDetail.action?loan_id=68566951,,credit_card,Credit card refinancing,802xx,CO,35.7,0,5558.2,5558.2,2687.15,2871.05,0,0,0,Nov-17,253.78
68615044,16000,16000,16000,60 months,13.99,372.21,C,C4,Registered Nurse,9 years,MORTGAGE,142000,Verified,15-Dec,Current,n,https://lendingclub.com/browse/loanDetail.action?loan_id=68615044,,debt_consolidation,Debt consolidation,945xx,CA,17.74,2,14112.89,14112.89,8813.94,5298.95,0,0,0,Feb-19,372.21
68527009,20000,20000,20000,36 months,9.8,643.47,B,B3,Manager,5 years,RENT,75000,Not Verified,15-Dec,Fully Paid,n,https://lendingclub.com/browse/loanDetail.action?loan_id=68527009,,debt_consolidation,Debt consolidation,984xx,WA,23.45,0,21918.8165,21918.82,20000,1918.82,0,0,0,Mar-17,13580.93
68547583,8650,8650,8650,36 months,5.32,260.5,A,A1,Associate Consultant,< 1 year,MORTGAGE,100000,Not Verified,15-Dec,Fully Paid,n,https://lendingclub.com/browse/loanDetail.action?loan_id=68547583,,credit_card,Credit card refinancing,462xx,IN,7.28,0,9263.849333086899,9263.85,8650,613.85,0,0,0,Dec-17,2.08
68587709,21000,21000,21000,60 months,13.44,482.56,C,C3,Teacher,2 years,RENT,54649,Source Verified,15-Dec,Fully Paid,n,https://lendingclub.com/browse/loanDetail.action?loan_id=68587709,,debt_consolidation,Debt consolidation,761xx,TX,12.14,0,24473.22762,24473.23,21000,3473.23,0,0,0,May-17,17274.03
68446771,7200,7200,7200,36 months,15.77,252.32,D,D1,Bank Officer Senior Customer Care Spec.,< 1 year,RENT,55000,Not Verified,15-Dec,Fully Paid,n,https://lendingclub.com/browse/loanDetail.action?loan_id=68446771,,debt_consolidation,,142xx,NY,17.35,0,8894.319824248001,8894.32,7200,1694.32,0,0,0,Mar-18,2602.09
66796130,8800,8800,8800,36 months,9.8,283.13,B,B3,Sales Representative/ Agent,10+ years,MORTGAGE,92000,Source Verified,15-Dec,Fully Paid,n,https://lendingclub.com/browse/loanDetail.action?loan_id=66796130,,credit_card,Credit card refinancing,493xx,MI,5.18,0,9852.877877,9852.88,8800,1052.88,0,0,0,Aug-17,4768.52
68617034,14650,14650,14650,60 months,20.5,392.23,E,E4,Senior Service Specialist,2 years,RENT,43160,Verified,15-Dec,Current,n,https://lendingclub.com/browse/loanDetail.action?loan_id=68617034,,debt_consolidation,Debt consolidation,430xx,OH,21.44,0,14908.17,14908.17,7507.75,7400.42,0,0,0,Mar-19,392.23
68387134,2500,2500,2500,36 months,17.27,89.47,D,D3,Teacher,10+ years,MORTGAGE,50000,Verified,15-Dec,Fully Paid,n,https://lendingclub.com/browse/loanDetail.action?loan_id=68387134,,other,Other,330xx,FL,17.6,3,3213.299411,3213.3,2500,713.3,0,0,0,Nov-18,266.79
68566925,11000,11000,11000,36 months,9.17,350.67,B,B2,PRINTER,10+ years,MORTGAGE,69000,Not Verified,15-Dec,Fully Paid,n,https://lendingclub.com/browse/loanDetail.action?loan_id=68566925,,credit_card,Credit card refinancing,441xx,OH,21.34,0,12610.02875,12610.03,11000,1610.03,0,0,0,Jan-19,350.59
68516838,23850,23850,23850,60 months,17.27,596.21,D,D3,Teacher,10+ years,OWN,68046,Not Verified,15-Dec,Current,n,https://lendingclub.com/browse/loanDetail.action?loan_id=68516838,,debt_consolidation,Debt consolidation,231xx,VA,24.71,1,22610.21,22610.21,12675.75,9934.46,0,0,0,Mar-19,596.21
68476697,15700,15700,15700,60 months,16.59,386.74,D,D2,Teacher,6 years,MORTGAGE,48000,Not Verified,15-Dec,Current,n,https://lendingclub.com/browse/loanDetail.action?loan_id=68476697,,credit_card,Credit card refinancing,707xx,LA,29.13,0,14659.94,14659.94,8407.37,6252.57,0,0,0,Feb-19,386.74
68566856,28800,28800,28800,60 months,11.99,640.5,C,C1,Office Manager,10+ years,OWN,60000,Not Verified,15-Dec,Current,n,https://lendingclub.com/browse/loanDetail.action?loan_id=68566856,,debt_consolidation,Debt consolidation,331xx,FL,18.01,0,24291.04,24291.04,16206.73,8084.31,0,0,0,Feb-19,640.5
68543413,10000,10000,10000,36 months,12.88,336.37,C,C2,Contract Specialist,4 years,MORTGAGE,91392,Not Verified,15-Dec,Fully Paid,n,https://lendingclub.com/browse/loanDetail.action?loan_id=68543413,,house,Home buying,644xx,MO,9.44,0,11316.89019,11316.89,10000,1316.89,0,0,0,Mar-17,6961.97
68366663,24000,24000,24000,60 months,9.8,507.58,B,B3,,,OWN,77900,Not Verified,15-Dec,Current,n,https://lendingclub.com/browse/loanDetail.action?loan_id=68366663,,home_improvement,Home improvement,376xx,TN,10.24,0,19255.37,19255.37,13817.43,5437.94,0,0,0,Feb-19,507.58
68416916,28000,28000,28000,60 months,18.49,718.51,D,D5,Engineer,10+ years,MORTGAGE,75000,Verified,15-Dec,Fully Paid,n,https://lendingclub.com/browse/loanDetail.action?loan_id=68416916,,debt_consolidation,Debt consolidation,471xx,IN,31.88,0,39607.45188,39607.45,28000,11607.45,0,0,0,Oct-18,16687.04
68444620,35000,35000,35000,60 months,11.99,778.38,C,C1,Foreign Service Officer,10+ years,MORTGAGE,128000,Source Verified,15-Dec,Fully Paid,n,https://lendingclub.com/browse/loanDetail.action?loan_id=68444620,,home_improvement,Home improvement,200xx,DC,6.46,0,44358.9107,44358.91,35000,9358.91,0,0,0,Dec-18,17952.27
68082535,7200,7200,7200,36 months,9.17,229.53,B,B2,Site lead,10+ years,MORTGAGE,50000,Not Verified,15-Dec,Fully Paid,n,https://lendingclub.com/browse/loanDetail.action?loan_id=68082535,,debt_consolidation,Debt consolidation,015xx,MA,19.25,0,7598.05,7598.05,7200,398.05,0,0,0,Aug-16,6206.89
68466995,10000,10000,10000,36 months,7.91,312.95,A,A5,Teacher,2 years,RENT,40100,Not Verified,15-Dec,Fully Paid,n,https://lendingclub.com/browse/loanDetail.action?loan_id=68466995,,credit_card,Credit card refinancing,453xx,OH,10.81,0,11255.154658058998,11255.15,10000,1255.15,0,0,0,Jan-19,312.89
68584507,16000,16000,16000,60 months,13.44,367.67,C,C3,Merchandise Manager,1 year,RENT,42000,Not Verified,15-Dec,Charged Off,n,https://lendingclub.com/browse/loanDetail.action?loan_id=68584507,,credit_card,Credit card refinancing,019xx,MA,9.6,0,4382.17,4382.17,2406.29,1975.88,0,0,0,Jan-17,367.67
68466924,21875,21875,21875,36 months,11.99,726.46,C,C1,Wire Technician,< 1 year,RENT,47590,Source Verified,15-Dec,Fully Paid,n,https://lendingclub.com/browse/loanDetail.action?loan_id=68466924,,credit_card,Credit card refinancing,347xx,FL,17.76,0,25851.272805365097,25851.27,21875,3976.27,0,0,0,Mar-18,7662.31
68367009,14025,14025,14025,60 months,18.49,359.9,D,D5,accts payable,10+ years,MORTGAGE,39000,Verified,15-Dec,Fully Paid,n,https://lendingclub.com/browse/loanDetail.action?loan_id=68367009,,debt_consolidation,Debt consolidation,546xx,WI,18,0,16341.39079,16341.39,14025,2316.39,0,0,0,Dec-16,12764.01
68475450,35000,35000,35000,60 months,12.88,794.21,C,C2,Lieutenant ,7 years,MORTGAGE,106000,Source Verified,15-Dec,Charged Off,n,https://lendingclub.com/browse/loanDetail.action?loan_id=68475450,,debt_consolidation,Debt consolidation,351xx,AL,17.36,0,22968.61,22968.61,10323.88,7086.13,0,5558.6,1000.548,Nov-17,794.21
68525943,20000,20000,20000,36 months,12.88,672.73,C,C2,President,10+ years,MORTGAGE,145000,Not Verified,15-Dec,Fully Paid,n,https://lendingclub.com/browse/loanDetail.action?loan_id=68525943,,debt_consolidation,Debt consolidation,029xx,RI,12.28,0,24273.87839,24273.88,20000,4206.6,67.28,0,0,Mar-19,764.11
68340446,14000,14000,14000,60 months,14.85,331.96,C,C5,Accountant,2 years,MORTGAGE,60000,Not Verified,15-Dec,Charged Off,n,https://lendingclub.com/browse/loanDetail.action?loan_id=68340446,,debt_consolidation,,852xx,AZ,24.29,0,7458.9,7458.9,3175.67,2770.73,16.6,1495.9,269.262,Jul-17,331.96
68615169,16000,16000,16000,60 months,8.49,328.19,B,B1,Supervisor,5 years,MORTGAGE,62000,Source Verified,15-Dec,In Grace Period,n,https://lendingclub.com/browse/loanDetail.action?loan_id=68615169,,credit_card,Credit card refinancing,936xx,CA,28.92,0,12430.1,12430.1,9335.61,3094.49,0,0,0,Feb-19,328.19
68397043,28000,28000,28000,60 months,14.85,663.92,C,C5,Division General Manager,2 years,MORTGAGE,85000,Not Verified,15-Dec,Current,n,https://lendingclub.com/browse/loanDetail.action?loan_id=68397043,,debt_consolidation,Debt consolidation,300xx,GA,28.52,0,25171.21,25171.21,15281.88,9889.33,0,0,0,Feb-19,663.92
68506862,20000,20000,20000,60 months,13.99,465.27,C,C4,Facilities Coordinator,10+ years,OWN,70000,Source Verified,15-Dec,Charged Off,n,https://lendingclub.com/browse/loanDetail.action?loan_id=68506862,,debt_consolidation,Debt consolidation,210xx,MD,16.9,0,15473.02,15473.02,2965.17,2592.85,0,9915,1784.7,Jan-17,465.27
68341799,17600,17600,17600,60 months,19.89,465.22,E,E3,RN,< 1 year,RENT,44000,Verified,15-Dec,Current,n,https://lendingclub.com/browse/loanDetail.action?loan_id=68341799,,credit_card,,322xx,FL,17.56,0,17629.74,17629.74,9082.31,8547.43,0,0,0,Feb-19,465.22
68487261,4200,4200,4200,36 months,13.44,142.41,C,C3,Manager,10+ years,MORTGAGE,102500,Not Verified,15-Dec,Fully Paid,n,https://lendingclub.com/browse/loanDetail.action?loan_id=68487261,,debt_consolidation,Debt consolidation,134xx,NY,26.21,0,5118.759264685999,5118.76,4200,918.76,0,0,0,Jan-19,142.25
68597047,19000,19000,19000,60 months,14.85,450.52,C,C5,Application Analyst,9 years,OWN,75000,Not Verified,15-Dec,Fully Paid,n,https://lendingclub.com/browse/loanDetail.action?loan_id=68597047,,credit_card,Credit card refinancing,112xx,NY,13.09,0,21165.03735,21165.04,19000,2165.04,0,0,0,Feb-17,10797.99
68366999,15850,15850,15850,60 months,23.13,448.01,F,F2,Lead manufacturing ,10+ years,OWN,45000,Not Verified,15-Dec,Fully Paid,n,https://lendingclub.com/browse/loanDetail.action?loan_id=68366999,,debt_consolidation,Debt consolidation,440xx,OH,34.85,0,21481.26095,21481.26,15850,5631.26,0,0,0,Sep-17,13019.99
68506885,10000,10000,10000,60 months,11.99,222.4,C,C1,CARDIOVASCULAR TECH,10+ years,RENT,42500,Not Verified,15-Dec,Current,n,https://lendingclub.com/browse/loanDetail.action?loan_id=68506885,,debt_consolidation,Debt consolidation,460xx,IN,31.04,0,8434.55,8434.55,5627.53,2807.02,0,0,0,Feb-19,222.4
68394562,30000,30000,30000,36 months,15.77,1051.31,D,D1,Vice-President,2 years,MORTGAGE,175000,Not Verified,15-Dec,Fully Paid,n,https://lendingclub.com/browse/loanDetail.action?loan_id=68394562,,home_improvement,Home improvement,430xx,OH,18.5,0,33903.76574,33903.77,30000,3903.77,0,0,0,Dec-16,23456.38
68416953,1500,1500,1500,36 months,6.49,45.97,A,A2,,,MORTGAGE,45000,Not Verified,15-Dec,Fully Paid,n,https://lendingclub.com/browse/loanDetail.action?loan_id=68416953,,vacation,Vacation,967xx,HI,16.11,0,1598.9833648167998,1598.98,1500,98.98,0,0,0,Apr-17,956.75
68587652,25000,25000,25000,36 months,5.32,752.87,A,A1,Director,1 year,MORTGAGE,150000,Not Verified,15-Dec,Fully Paid,n,https://lendingclub.com/browse/loanDetail.action?loan_id=68587652,,credit_card,Credit card refinancing,054xx,VT,9.54,0,27033.110864247403,27033.11,25000,2033.11,0,0,0,Dec-18,752.86
68407333,16250,16250,16250,60 months,13.44,373.41,C,C3,Radiology Tech.,2 years,MORTGAGE,50000,Not Verified,15-Dec,Current,n,https://lendingclub.com/browse/loanDetail.action?loan_id=68407333,,debt_consolidation,Debt consolidation,128xx,NY,34.95,0,14159.25,14159.25,9004.68,5154.57,0,0,0,Feb-19,373.41
68466066,20200,20200,20200,60 months,18.49,518.35,D,D5,Manager,4 years,RENT,60000,Source Verified,15-Dec,Charged Off,n,https://lendingclub.com/browse/loanDetail.action?loan_id=68466066,,debt_consolidation,Debt consolidation,958xx,CA,34.84,0,9278.43,9278.43,4258.61,5019.82,0,0,0,Jul-17,518.35
68436934,23975,23975,23975,60 months,19.89,633.73,E,E3,Principal,10+ years,RENT,70000,Not Verified,15-Dec,Charged Off,n,https://lendingclub.com/browse/loanDetail.action?loan_id=68436934,,credit_card,Credit card refinancing,220xx,VA,33.2,0,3928.86,3928.86,1478.13,2450.73,0,0,0,Jul-16,633.73
68617057,15000,15000,15000,60 months,10.78,324.5,B,B4,Senior Buyer,10+ years,MORTGAGE,65000,Not Verified,15-Dec,Fully Paid,n,https://lendingclub.com/browse/loanDetail.action?loan_id=68617057,,debt_consolidation,Debt consolidation,350xx,AL,29.28,0,18520.2766,18520.28,15000,3520.28,0,0,0,Feb-19,2536.24
68536799,10000,10000,10000,36 months,10.78,326.35,B,B4,Lpn,3 years,MORTGAGE,41600,Not Verified,15-Dec,Fully Paid,n,https://lendingclub.com/browse/loanDetail.action?loan_id=68536799,,debt_consolidation,Debt consolidation,472xx,IN,15.78,0,11289.950688135401,11289.95,10000,1289.95,0,0,0,Jul-17,5756.97
68357012,15000,15000,15000,36 months,8.49,473.45,B,B1,Senior Associate,6 years,MORTGAGE,110000,Not Verified,15-Dec,Fully Paid,n,https://lendingclub.com/browse/loanDetail.action?loan_id=68357012,,credit_card,Credit card refinancing,085xx,NJ,13.24,0,15657.93,15657.93,15000,657.93,0,0,0,Jul-16,13308.37
68376217,23100,23100,23100,60 months,20.5,618.46,E,E4,Regional Sales Direcdtor,2 years,OWN,110000,Not Verified,15-Dec,Charged Off,n,https://lendingclub.com/browse/loanDetail.action?loan_id=68376217,,car,Car financing,197xx,DE,20.43,0,5305.12,5305.12,1158.07,1868.46,0,2278.59,410.1462,Jun-16,618.46
68526942,27300,27300,27300,36 months,17.27,977,D,D3,groundsman,10+ years,MORTGAGE,65000,Not Verified,15-Dec,Charged Off,n,https://lendingclub.com/browse/loanDetail.action?loan_id=68526942,,home_improvement,Home improvement,117xx,NY,25.63,0,8727.52,8727.52,5569.98,3157.54,0,0,0,Oct-16,977
68396080,25000,25000,25000,60 months,11.48,549.57,B,B5,Project Manager,10+ years,MORTGAGE,135000,Not Verified,15-Dec,Fully Paid,n,https://lendingclub.com/browse/loanDetail.action?loan_id=68396080,,credit_card,Credit card refinancing,774xx,TX,4.65,0,26482.58,26482.58,25000,1482.58,0,0,0,Jul-16,23774.59
68385794,15000,15000,15000,36 months,10.78,489.52,B,B4,Coaching General Manager,1 year,RENT,40000,Verified,15-Dec,Fully Paid,n,https://lendingclub.com/browse/loanDetail.action?loan_id=68385794,,credit_card,Credit card refinancing,787xx,TX,10.17,0,17653.90209,17653.9,15000,2653.9,0,0,0,Nov-18,1464.61
68374676,10000,10000,10000,60 months,16.59,246.33,D,D2,Emergency Department technician ,< 1 year,RENT,30000,Source Verified,15-Dec,Fully Paid,n,https://lendingclub.com/browse/loanDetail.action?loan_id=68374676,,debt_consolidation,Debt consolidation,447xx,OH,30.84,0,10757.52,10757.52,10000,757.52,0,0,0,Jun-16,9795.24
68547679,18500,18500,18500,60 months,12.88,419.8,C,C2,Supply Chain Coord.,10+ years,MORTGAGE,70000,Source Verified,15-Dec,Fully Paid,n,https://lendingclub.com/browse/loanDetail.action?loan_id=68547679,,debt_consolidation,Debt consolidation,752xx,TX,13.2,0,21912.00299,21912,18500,3412,0,0,0,Aug-17,14388.69
68537594,5000,5000,5000,36 months,7.91,156.48,A,A5,Property Manager,6 years,RENT,32000,Source Verified,15-Dec,Fully Paid,n,https://lendingclub.com/browse/loanDetail.action?loan_id=68537594,,credit_card,Credit card refinancing,434xx,OH,13.73,0,5627.559926071999,5627.56,5000,627.56,0,0,0,Jan-19,156.25
68565856,9000,9000,9000,36 months,9.17,286.92,B,B2,Truck Driver,1 year,OWN,50000,Not Verified,15-Dec,Fully Paid,n,https://lendingclub.com/browse/loanDetail.action?loan_id=68565856,,debt_consolidation,Debt consolidation,670xx,KS,11.98,0,10232.90871,10232.91,9000,1232.91,0,0,0,Jan-19,167.11
68367006,11000,11000,11000,36 months,6.49,337.09,A,A2,material handler lead,10+ years,MORTGAGE,85000,Not Verified,15-Dec,Fully Paid,n,https://lendingclub.com/browse/loanDetail.action?loan_id=68367006,,credit_card,Credit card refinancing,016xx,MA,15,0,11513.41,11513.41,11000,513.41,0,0,0,Oct-16,8826.61
68426699,20000,20000,20000,36 months,6.49,612.89,A,A2,"TEAM LEAD, QUALITY ENGINEER",6 years,MORTGAGE,55000,Not Verified,15-Dec,Fully Paid,n,https://lendingclub.com/browse/loanDetail.action?loan_id=68426699,,debt_consolidation,Debt consolidation,381xx,TN,29.15,0,22045.97155,22045.97,20000,2045.97,0,0,0,Jan-19,612.85
68377020,15000,15000,15000,36 months,5.32,451.73,A,A1,,,RENT,80000,Not Verified,15-Dec,Fully Paid,n,https://lendingclub.com/browse/loanDetail.action?loan_id=68377020,,debt_consolidation,Debt consolidation,236xx,VA,20.18,0,16241.27549,16241.28,15000,1241.28,0,0,0,Sep-18,2244.3
68446746,12000,12000,12000,36 months,5.32,361.38,A,A1,Network Operation Engineer,4 years,MORTGAGE,53750,Source Verified,15-Dec,Fully Paid,n,https://lendingclub.com/browse/loanDetail.action?loan_id=68446746,,debt_consolidation,Debt consolidation,850xx,AZ,15.3,1,12463.54,12463.54,12000,463.54,0,0,0,Nov-16,9219.99
68537564,8000,8000,8000,36 months,10.78,261.08,B,B4,Counselor,< 1 year,MORTGAGE,45000,Not Verified,15-Dec,Fully Paid,n,https://lendingclub.com/browse/loanDetail.action?loan_id=68537564,,debt_consolidation,Debt consolidation,482xx,MI,21.23,0,9257.102458,9257.1,8000,1257.1,0,0,0,Mar-18,252.27
68446784,12000,12000,12000,36 months,10.78,391.62,B,B4,Salesman,3 years,RENT,40000,Not Verified,15-Dec,Fully Paid,n,https://lendingclub.com/browse/loanDetail.action?loan_id=68446784,,credit_card,Credit card refinancing,070xx,NJ,31.95,3,13096.73223,13096.73,12000,1096.73,0,0,0,Jan-17,8659.7
68376533,18000,18000,18000,36 months,7.49,559.83,A,A4,Systems Support Engineer,5 years,MORTGAGE,75000,Not Verified,15-Dec,Fully Paid,n,https://lendingclub.com/browse/loanDetail.action?loan_id=68376533,,debt_consolidation,Debt consolidation,030xx,NH,25.65,0,19771.09725,19771.1,18000,1771.1,0,0,0,Oct-17,8073.57
68476714,3600,3600,3600,36 months,11.48,118.68,B,B5,Systems Administrator,< 1 year,MORTGAGE,85000,Source Verified,15-Dec,Fully Paid,n,https://lendingclub.com/browse/loanDetail.action?loan_id=68476714,,debt_consolidation,Debt consolidation,220xx,VA,17.44,0,4049.6250868029997,4049.63,3600,449.63,0,0,0,May-17,2275.17
66615254,7200,7200,7200,36 months,17.27,257.67,D,D3,Department Manager ,9 years,OWN,20000,Verified,15-Dec,Charged Off,n,https://lendingclub.com/browse/loanDetail.action?loan_id=66615254,,debt_consolidation,Debt consolidation,023xx,MA,13.21,1,3767.42,3767.42,2002.17,1041.44,0,723.81,130.2858,Dec-16,257.67
68396484,15000,15000,15000,60 months,13.44,344.69,C,C3,Counselor,4 years,RENT,77213,Source Verified,15-Dec,Fully Paid,n,https://lendingclub.com/browse/loanDetail.action?loan_id=68396484,,credit_card,Credit card refinancing,347xx,FL,18.17,0,17307.01868,17307.02,15000,2307.02,0,0,0,Mar-17,12793.18
68416256,5000,5000,5000,36 months,9.8,160.87,B,B3,Accounts Payable Manager,6 years,OWN,72000,Not Verified,15-Dec,Fully Paid,n,https://lendingclub.com/browse/loanDetail.action?loan_id=68416256,,other,Other,280xx,NC,6.52,0,5736.458009,5736.46,5000,736.46,0,0,0,Apr-18,1560.65
68446093,11550,11550,11550,60 months,16.59,284.51,D,D2,general manager,5 years,RENT,38000,Not Verified,15-Dec,Charged Off,n,https://lendingclub.com/browse/loanDetail.action?loan_id=68446093,,credit_card,Credit card refinancing,436xx,OH,21.07,0,7397.62,7397.62,3184.23,3048.38,0,1165.01,209.7018,Nov-17,284.51
66583801,33600,33600,33600,36 months,10.78,1096.53,B,B4,Aviation Safety Inspector,8 years,RENT,104000,Source Verified,15-Dec,Fully Paid,n,https://lendingclub.com/browse/loanDetail.action?loan_id=66583801,,debt_consolidation,Debt consolidation,441xx,OH,14.01,0,34309.15,34309.15,33600,709.15,0,0,0,Mar-16,33262.93
68466922,17925,17925,17925,60 months,17.27,448.09,D,D3,IT Help Desk Support ,10+ years,OWN,39000,Source Verified,15-Dec,Current,n,https://lendingclub.com/browse/loanDetail.action?loan_id=68466922,,debt_consolidation,Debt consolidation,432xx,OH,27.78,0,16984.42,16984.42,9526.5,7457.92,0,0,0,Feb-19,448.09
68585839,17475,17475,17475,36 months,13.99,597.17,C,C4,Software Testing Analyst,2 years,RENT,39750,Not Verified,15-Dec,Charged Off,n,https://lendingclub.com/browse/loanDetail.action?loan_id=68585839,,debt_consolidation,Debt consolidation,604xx,IL,23.58,0,15789.65,15789.65,8303.45,3104.2,0,4382,788.76,Sep-17,597.17
68476734,9000,9000,9000,36 months,8.49,284.07,B,B1,Office Manager,8 years,MORTGAGE,47000,Not Verified,15-Dec,Fully Paid,n,https://lendingclub.com/browse/loanDetail.action?loan_id=68476734,,debt_consolidation,Debt consolidation,346xx,FL,8.43,0,10213.62508,10213.63,9000,1213.63,0,0,0,Nov-18,849.93
68506789,12000,12000,12000,60 months,9.8,253.79,B,B3,Teacher,10+ years,MORTGAGE,65000,Not Verified,15-Dec,Fully Paid,n,https://lendingclub.com/browse/loanDetail.action?loan_id=68506789,,debt_consolidation,Debt consolidation,660xx,KS,23.84,0,13842.626405416398,13842.63,12000,1842.63,0,0,0,Nov-17,8529.37
68506793,4000,4000,4000,36 months,9.17,127.52,B,B2,Store Manager,2 years,RENT,44500,Verified,15-Dec,Fully Paid,n,https://lendingclub.com/browse/loanDetail.action?loan_id=68506793,,debt_consolidation,Debt consolidation,681xx,NE,15.83,0,4399.02307,4399.02,4000,399.02,0,0,0,May-17,2491.31
68496036,10500,10500,10500,36 months,15.77,367.96,D,D1,Software Engineer,3 years,RENT,70100,Source Verified,15-Dec,Fully Paid,n,https://lendingclub.com/browse/loanDetail.action?loan_id=68496036,,credit_card,Credit card refinancing,661xx,KS,8.51,0,13048.516847021001,13048.52,10500,2548.52,0,0,0,May-18,3036.6
68516507,14000,14000,14000,36 months,9.8,450.43,B,B3,Master mechanic,4 years,MORTGAGE,100000,Not Verified,15-Dec,Fully Paid,n,https://lendingclub.com/browse/loanDetail.action?loan_id=68516507,,medical,Medical expenses,439xx,OH,15.97,0,16205.367786761299,16205.37,14000,2205.37,0,0,0,Jan-19,450.79
68377006,6000,6000,6000,36 months,7.91,187.77,A,A5,Road driver,10+ years,MORTGAGE,105000,Not Verified,15-Dec,Fully Paid,n,https://lendingclub.com/browse/loanDetail.action?loan_id=68377006,,car,Car financing,431xx,OH,14.45,0,6753.096795,6753.1,6000,753.1,0,0,0,Jan-19,187.74
68436917,16000,16000,16000,60 months,12.88,363.07,C,C2,Unix System Administrator,10+ years,OWN,90000,Not Verified,15-Dec,Current,n,https://lendingclub.com/browse/loanDetail.action?loan_id=68436917,,home_improvement,Home improvement,064xx,CT,6.39,0,13768.04,13768.04,8919.3,4848.74,0,0,0,Feb-19,363.07
68416935,15000,15000,15000,36 months,9.8,482.61,B,B3,Electronic Branch Manager,3 years,MORTGAGE,92000,Not Verified,15-Dec,Fully Paid,n,https://lendingclub.com/browse/loanDetail.action?loan_id=68416935,,debt_consolidation,Debt consolidation,973xx,OR,13.89,0,15415.46,15415.46,15000,415.46,0,0,0,Apr-16,14450.25
68606528,12000,12000,12000,36 months,9.17,382.55,B,B2,Registered Veterinary Technitian ,4 years,MORTGAGE,39400,Not Verified,15-Dec,Fully Paid,n,https://lendingclub.com/browse/loanDetail.action?loan_id=68606528,,debt_consolidation,Debt consolidation,958xx,CA,26.32,0,13277.566172397801,13277.57,12000,1277.57,0,0,0,Jun-17,7172.05
68446820,10000,10000,10000,36 months,11.48,329.67,B,B5,Paralegal,2 years,RENT,33000,Not Verified,15-Dec,Fully Paid,n,https://lendingclub.com/browse/loanDetail.action?loan_id=68446820,,debt_consolidation,Debt consolidation,477xx,IN,21.75,0,11833.280420796598,11833.28,10000,1833.28,0,0,0,Dec-18,329.46
68356922,4200,4200,4200,36 months,13.99,143.53,C,C4,Patrol Officer,2 years,RENT,32000,Source Verified,15-Dec,Fully Paid,n,https://lendingclub.com/browse/loanDetail.action?loan_id=68356922,,other,Other,377xx,TN,31.02,0,5036.372797,5036.37,4200,836.37,0,0,0,Jan-18,1743.34
68566702,35000,35000,35000,60 months,20.5,937.06,E,E4,"Director, Human Resources",8 years,MORTGAGE,120000,Source Verified,15-Dec,Fully Paid,n,https://lendingclub.com/browse/loanDetail.action?loan_id=68566702,,debt_consolidation,Debt consolidation,301xx,GA,35.69,1,39312.22,39312.22,35000,4312.22,0,0,0,Aug-16,33789.51
68426668,5475,5475,5475,36 months,18.99,200.67,E,E1,Captain,10+ years,MORTGAGE,108000,Verified,15-Dec,Charged Off,n,https://lendingclub.com/browse/loanDetail.action?loan_id=68426668,,debt_consolidation,Debt consolidation,349xx,FL,33.47,4,4302.4,4302.4,2504.6,1393.48,0,404.32,72.7776,Nov-17,47.01
68008783,16000,16000,16000,60 months,7.91,323.74,A,A5,Project Supervisor,2 years,MORTGAGE,60000,Not Verified,15-Dec,Current,n,https://lendingclub.com/browse/loanDetail.action?loan_id=68008783,,debt_consolidation,Debt consolidation,323xx,FL,28.58,0,12284.54,12284.54,9390.69,2893.85,0,0,0,Feb-19,323.74
68603265,6000,6000,6000,36 months,13.44,203.44,C,C3,machine operation ,3 years,OWN,38700,Source Verified,15-Dec,Fully Paid,n,https://lendingclub.com/browse/loanDetail.action?loan_id=68603265,,debt_consolidation,Debt consolidation,282xx,NC,23.26,0,7282.365623,7282.37,6000,1282.37,0,0,0,Jul-18,1393.81
68546562,24000,24000,24000,36 months,9.17,765.1,B,B2,Accounting Manager,10+ years,MORTGAGE,75000,Source Verified,15-Dec,Fully Paid,n,https://lendingclub.com/browse/loanDetail.action?loan_id=68546562,,debt_consolidation,Debt consolidation,029xx,RI,10.11,0,27505.01194,27505.01,24000,3505.01,0,0,0,Jan-19,732.08
68387003,10000,10000,10000,36 months,12.88,336.37,C,C2,Truck Driver,< 1 year,RENT,60000,Verified,15-Dec,Fully Paid,n,https://lendingclub.com/browse/loanDetail.action?loan_id=68387003,,debt_consolidation,Debt consolidation,986xx,WA,3.3,0,10665.53,10665.53,10000,665.53,0,0,0,Jul-16,9001.57
68453388,6900,6900,6900,36 months,19.89,256.05,E,E3,Teacher,10+ years,RENT,80000,Source Verified,15-Dec,Fully Paid,n,https://lendingclub.com/browse/loanDetail.action?loan_id=68453388,,debt_consolidation,Debt consolidation,112xx,NY,9.57,0,8990.022858,8990.02,6900,2090.02,0,0,0,Mar-18,2607.83
68436772,22400,22400,22400,60 months,9.8,473.74,B,B3,CNC Machinist,10+ years,MORTGAGE,48000,Not Verified,15-Dec,Current,n,https://lendingclub.com/browse/loanDetail.action?loan_id=68436772,,credit_card,Credit card refinancing,245xx,VA,28.48,0,18014.31,18014.31,12896.21,5118.1,0,0,0,Mar-19,473.74
68356797,15975,15975,15975,36 months,16.59,566.3,D,D2,Director,4 years,MORTGAGE,58800,Not Verified,15-Dec,Fully Paid,n,https://lendingclub.com/browse/loanDetail.action?loan_id=68356797,,debt_consolidation,Debt consolidation,910xx,CA,20.45,0,16765.51,16765.51,15975,790.51,0,0,0,Apr-16,15662.52
67799534,21600,21600,21600,36 months,13.44,732.38,C,C3,machines,9 years,MORTGAGE,54000,Verified,15-Dec,Fully Paid,n,https://lendingclub.com/browse/loanDetail.action?loan_id=67799534,,debt_consolidation,Debt consolidation,544xx,WI,17.64,0,26325.162513962998,26325.16,21600,4725.16,0,0,0,Jan-19,732.18
68366973,24000,24000,24000,60 months,13.99,558.32,C,C4,Pastor,8 years,RENT,82193,Not Verified,15-Dec,Current,n,https://lendingclub.com/browse/loanDetail.action?loan_id=68366973,,credit_card,Credit card refinancing,461xx,IN,29.92,0,21169.53,21169.53,13219,7950.53,0,0,0,Feb-19,558.32
68376942,14400,14400,14400,60 months,19.48,377.36,E,E2,GS12,3 years,RENT,73320,Source Verified,15-Dec,Charged Off,n,https://lendingclub.com/browse/loanDetail.action?loan_id=68376942,,debt_consolidation,Debt consolidation,136xx,NY,17.02,0,2525.45,2525.45,588.54,881.94,0,1054.97,189.8946,May-16,377.36
68339735,8000,8000,8000,36 months,13.99,273.39,C,C4,District Manager,< 1 year,RENT,42000,Not Verified,15-Dec,Fully Paid,n,https://lendingclub.com/browse/loanDetail.action?loan_id=68339735,,other,,973xx,OR,23.26,0,9835.590735,9835.59,8000,1835.59,0,0,0,Jan-19,273.24
67355663,7000,7000,7000,36 months,13.99,239.21,C,C4,Outside Account Manager,2 years,RENT,83000,Source Verified,15-Dec,Fully Paid,n,https://lendingclub.com/browse/loanDetail.action?loan_id=67355663,,debt_consolidation,Debt consolidation,197xx,DE,21.96,0,8542.44206,8542.44,7000,1542.44,0,0,0,Jun-18,1858.16
68407187,20000,20000,20000,36 months,10.78,652.7,B,B4,Driver,< 1 year,OWN,55000,Not Verified,15-Dec,Fully Paid,n,https://lendingclub.com/browse/loanDetail.action?loan_id=68407187,,debt_consolidation,Debt consolidation,355xx,AL,36.94,0,23390.24025,23390.24,20000,3390.24,0,0,0,Dec-18,503.38
68476511,25825,25825,25825,60 months,26.06,774.14,F,F5,Claims Rep ,6 years,RENT,68000,Verified,15-Dec,Charged Off,n,https://lendingclub.com/browse/loanDetail.action?loan_id=68476511,,debt_consolidation,Debt consolidation,207xx,MD,31.68,0,3940.5,3940.5,881.43,2146.66,0,912.41,164.2338,Jun-16,25
68366965,24575,24575,24575,60 months,22.45,685.04,F,F1,Service Delivery Manager,10+ years,MORTGAGE,92000,Verified,15-Dec,Fully Paid,n,https://lendingclub.com/browse/loanDetail.action?loan_id=68366965,,debt_consolidation,Debt consolidation,448xx,OH,24.16,0,35351.173831625696,35351.17,24575,10776.17,0,0,0,Apr-18,17616.76
67267171,3200,3200,3200,36 months,8.49,101.01,B,B1,Custodian,10+ years,RENT,30407,Not Verified,15-Dec,Fully Paid,n,https://lendingclub.com/browse/loanDetail.action?loan_id=67267171,,medical,Medical expenses,550xx,MN,20.61,0,3601.0863376685998,3601.09,3200,401.09,0,0,0,Mar-18,983.41
68406292,22875,22875,22875,60 months,15.77,553.49,D,D1,Athletic Director,10+ years,MORTGAGE,137000,Not Verified,15-Dec,Fully Paid,n,https://lendingclub.com/browse/loanDetail.action?loan_id=68406292,,debt_consolidation,Debt consolidation,913xx,CA,32.3,0,30754.308696789503,30754.31,22875,7879.31,0,0,0,Oct-18,13092.73
68616867,16000,16000,16000,60 months,14.85,379.39,C,C5,Billing Supervisor,10+ years,MORTGAGE,80000,Not Verified,15-Dec,Current,n,https://lendingclub.com/browse/loanDetail.action?loan_id=68616867,,debt_consolidation,Debt consolidation,774xx,TX,19.59,0,13968.45,13968.45,8137.95,5830.5,0,0,0,Mar-19,379.39
68547447,35000,35000,35000,36 months,13.44,1186.72,C,C3,Account executive,< 1 year,MORTGAGE,125000,Source Verified,15-Dec,Fully Paid,n,https://lendingclub.com/browse/loanDetail.action?loan_id=68547447,,debt_consolidation,Debt consolidation,551xx,MN,24.19,0,40803.98159,40803.98,35000,5803.98,0,0,0,Jul-17,20564.41
68547538,2400,2400,2400,36 months,17.27,85.89,D,D3,nurse,2 years,MORTGAGE,52000,Verified,15-Dec,Fully Paid,n,https://lendingclub.com/browse/loanDetail.action?loan_id=68547538,,home_improvement,Home improvement,462xx,IN,28.38,1,2990.157573,2990.16,2400,590.16,0,0,0,Dec-17,1106.34
68516545,25000,25000,25000,36 months,7.49,777.55,A,A4,,,MORTGAGE,132000,Not Verified,15-Dec,Fully Paid,n,https://lendingclub.com/browse/loanDetail.action?loan_id=68516545,,debt_consolidation,Debt consolidation,498xx,MI,13.83,0,27965.41357,27965.41,25000,2965.41,0,0,0,Jan-19,777.17
68426681,8800,8800,8800,36 months,12.88,296,C,C2,Desktop Support Anylist,2 years,RENT,55000,Not Verified,15-Dec,Fully Paid,n,https://lendingclub.com/browse/loanDetail.action?loan_id=68426681,,credit_card,Credit card refinancing,010xx,MA,35.52,0,10626.44117,10626.44,8800,1826.44,0,0,0,Oct-18,1170.18
68446591,2500,2500,2500,36 months,11.48,82.42,B,B5,,,RENT,16488,Not Verified,15-Dec,Fully Paid,n,https://lendingclub.com/browse/loanDetail.action?loan_id=68446591,,debt_consolidation,Debt consolidation,064xx,CT,38.06,0,2962.969249,2962.97,2500,462.97,0,0,0,Jan-19,82.26
68596872,8000,8000,8000,36 months,5.32,240.92,A,A1,Sales Person,1 year,RENT,50000,Not Verified,15-Dec,Fully Paid,n,https://lendingclub.com/browse/loanDetail.action?loan_id=68596872,,credit_card,Credit card refinancing,481xx,MI,14.86,1,8198.14,8198.14,8000,198.14,0,0,0,Jul-16,6999.45
68376953,20000,20000,20000,36 months,11.99,664.2,C,C1,Professor,10+ years,MORTGAGE,78000,Not Verified,15-Dec,Charged Off,n,https://lendingclub.com/browse/loanDetail.action?loan_id=68376953,,debt_consolidation,Debt consolidation,357xx,AL,27.1,0,17622.83,17622.83,12522.42,3417.2,33.21,1650,297,Jun-18,50
68476522,35000,35000,35000,60 months,12.88,794.21,C,C2,Cosmetologist Manager,10+ years,MORTGAGE,110000,Source Verified,15-Dec,Charged Off,n,https://lendingclub.com/browse/loanDetail.action?loan_id=68476522,,major_purchase,Major purchase,211xx,MD,13.39,0,25266.06,25266.06,6770.96,5092.1,0,13403,2412.54,Apr-17,794.21
68537498,15000,15000,15000,36 months,7.49,466.53,A,A4,,,MORTGAGE,45000,Verified,15-Dec,Fully Paid,n,https://lendingclub.com/browse/loanDetail.action?loan_id=68537498,,debt_consolidation,Debt consolidation,913xx,CA,10.67,3,16435.96906,16435.97,15000,1435.97,0,0,0,Sep-17,7587.5
68496996,16000,16000,16000,36 months,15.77,560.7,D,D1,President,1 year,MORTGAGE,70000,Not Verified,15-Dec,Charged Off,n,https://lendingclub.com/browse/loanDetail.action?loan_id=68496996,,debt_consolidation,Debt consolidation,088xx,NJ,8.78,0,19028.76,19028.76,14888.33,4140.43,0,0,0,Nov-18,560.7
68375899,10800,10800,10800,60 months,13.99,251.25,C,C4,Medical Support Assistant,3 years,RENT,40000,Source Verified,15-Dec,Fully Paid,n,https://lendingclub.com/browse/loanDetail.action?loan_id=68375899,,debt_consolidation,Debt consolidation,334xx,FL,26.13,0,12951.645771096499,12951.65,10800,2151.65,0,0,0,Aug-17,8450.13
68433333,7500,7500,7500,36 months,17.97,271.04,D,D4,Owner/Operator,10+ years,OWN,15000,Source Verified,15-Dec,Fully Paid,n,https://lendingclub.com/browse/loanDetail.action?loan_id=68433333,,debt_consolidation,Debt consolidation,327xx,FL,37.2,0,8219.46,8219.46,7500,719.46,0,0,0,Aug-16,6611.94
68376899,16000,16000,16000,36 months,10.78,522.16,B,B4,Bartender,5 years,RENT,63000,Not Verified,15-Dec,Charged Off,n,https://lendingclub.com/browse/loanDetail.action?loan_id=68376899,,debt_consolidation,Debt consolidation,111xx,NY,35.19,0,4387.31,4387.31,2322.17,786.83,0,1278.31,230.0958,Jul-16,522.16
68416736,9000,9000,9000,36 months,5.32,271.04,A,A1,Accounting senior,10+ years,MORTGAGE,49000,Not Verified,15-Dec,Fully Paid,n,https://lendingclub.com/browse/loanDetail.action?loan_id=68416736,,credit_card,Credit card refinancing,926xx,CA,21.63,0,9381.76,9381.76,9000,381.76,0,0,0,Dec-16,6678.01
68339774,9500,9500,9500,36 months,15.77,332.92,D,D1,maintenance ,10+ years,RENT,28000,Not Verified,15-Dec,Fully Paid,n,https://lendingclub.com/browse/loanDetail.action?loan_id=68339774,,other,,480xx,MI,27.95,0,10350.38,10350.38,9500,850.38,0,0,0,Aug-16,8373.67
68376501,10000,10000,10000,36 months,7.91,312.95,A,A5,Medical Coder/biller,2 years,OWN,25000,Not Verified,15-Dec,Charged Off,n,https://lendingclub.com/browse/loanDetail.action?loan_id=68376501,,debt_consolidation,Debt consolidation,913xx,CA,29.91,0,8334.56,8334.56,4731.82,873.74,0,2729,491.22,Jun-17,350
68566760,6000,6000,6000,36 months,7.91,187.77,A,A5,Teacher,10+ years,MORTGAGE,49000,Not Verified,15-Dec,Fully Paid,n,https://lendingclub.com/browse/loanDetail.action?loan_id=68566760,,debt_consolidation,Debt consolidation,805xx,CO,17.92,0,6463.9813007843995,6463.98,6000,463.98,0,0,0,Mar-17,4025.61
68487157,15600,15600,15600,60 months,13.44,358.48,C,C3,Officer / Sheriff's office,10+ years,MORTGAGE,52000,Not Verified,15-Dec,Fully Paid,n,https://lendingclub.com/browse/loanDetail.action?loan_id=68487157,,major_purchase,Major purchase,138xx,NY,15.37,0,18519.6318,18519.63,15600,2919.63,0,0,0,Aug-17,12096.11
68487073,35000,35000,35000,36 months,8.49,1104.71,B,B1,Paralegal,< 1 year,OWN,90000,Source Verified,15-Dec,Fully Paid,n,https://lendingclub.com/browse/loanDetail.action?loan_id=68487073,,debt_consolidation,Debt consolidation,930xx,CA,13.36,0,38047.27824,38047.28,35000,3047.28,0,0,0,Mar-17,22713.41
68132441,5000,5000,5000,36 months,11.48,164.84,B,B5,Financial Systems Analyst,9 years,MORTGAGE,78000,Not Verified,15-Dec,Fully Paid,n,https://lendingclub.com/browse/loanDetail.action?loan_id=68132441,,debt_consolidation,Debt consolidation,770xx,TX,21.21,0,5840.277800382801,5840.28,5000,840.28,0,0,0,Feb-18,1892.09
68356747,20400,20400,20400,60 months,18.49,523.48,D,D5,Pilot,2 years,MORTGAGE,75000,Source Verified,15-Dec,Fully Paid,n,https://lendingclub.com/browse/loanDetail.action?loan_id=68356747,,credit_card,Credit card refinancing,725xx,AR,38.65,2,23166.25,23166.25,20400,2766.25,0,0,0,Oct-16,18930.43
68192805,8000,8000,8000,36 months,17.97,289.1,D,D4,,,MORTGAGE,33130,Not Verified,15-Dec,Charged Off,n,https://lendingclub.com/browse/loanDetail.action?loan_id=68192805,,debt_consolidation,Debt consolidation,711xx,LA,11.52,1,4060.86,4060.86,2207.57,1241.66,0,611.63,110.0934,Jan-17,289.1
68426783,16000,16000,16000,36 months,10.78,522.16,B,B4,Veterinarian,3 years,RENT,87500,Not Verified,15-Dec,Fully Paid,n,https://lendingclub.com/browse/loanDetail.action?loan_id=68426783,,debt_consolidation,Debt consolidation,604xx,IL,13.74,0,18706.17149,18706.17,16000,2706.17,0,0,0,Aug-18,3065.33
68376848,18000,18000,18000,36 months,7.91,563.31,A,A5,Mechanic,10+ years,MORTGAGE,80000,Not Verified,15-Dec,Charged Off,n,https://lendingclub.com/browse/loanDetail.action?loan_id=68376848,,debt_consolidation,Debt consolidation,172xx,PA,15.56,0,13499.66,13499.66,11521.3,1978.36,0,0,0,Jan-18,563.31
68537213,35000,35000,35000,36 months,9.17,1115.77,B,B2,Director,1 year,RENT,105000,Source Verified,15-Dec,Fully Paid,n,https://lendingclub.com/browse/loanDetail.action?loan_id=68537213,,debt_consolidation,Debt consolidation,322xx,FL,25.07,0,37242.44,37242.44,35000,2242.44,0,0,0,Oct-16,28360.86
68393340,13150,13150,13150,36 months,5.32,396.01,A,A1,Paraprofessional ,1 year,RENT,40000,Not Verified,15-Dec,Fully Paid,n,https://lendingclub.com/browse/loanDetail.action?loan_id=68393340,,major_purchase,Major purchase,770xx,TX,20.25,0,14233.381267333001,14233.38,13150,1083.38,0,0,0,Sep-18,1966.79
68486949,5600,5600,5600,36 months,9.17,178.53,B,B2,Business Coordinator III,8 years,RENT,48000,Source Verified,15-Dec,Fully Paid,n,https://lendingclub.com/browse/loanDetail.action?loan_id=68486949,,credit_card,Credit card refinancing,751xx,TX,19.85,0,6067.3937075983995,6067.39,5600,467.39,0,0,0,Feb-17,3930.74
68341730,23000,23000,23000,36 months,9.8,739.99,B,B3,Feeder Driver,9 years,MORTGAGE,90247,Not Verified,15-Dec,Fully Paid,n,https://lendingclub.com/browse/loanDetail.action?loan_id=68341730,,credit_card,,230xx,VA,17.09,0,26429.036435322203,26429.04,23000,3429.04,0,0,0,Apr-18,7176.79
66405419,12600,12600,12600,60 months,14.85,298.77,C,C5,VP of Operations,1 year,MORTGAGE,175000,Not Verified,15-Dec,Fully Paid,n,https://lendingclub.com/browse/loanDetail.action?loan_id=66405419,,credit_card,Debt consolidation,206xx,MD,11.75,0,13031.39,13031.39,12600,431.39,0,0,0,Mar-16,12758.61
68407153,11000,11000,11000,36 months,16.59,389.94,D,D2,Teacher,8 years,MORTGAGE,55000,Source Verified,15-Dec,Fully Paid,n,https://lendingclub.com/browse/loanDetail.action?loan_id=68407153,,debt_consolidation,Debt consolidation,606xx,IL,16.85,0,13579.46388,13579.46,11000,2579.46,0,0,0,Dec-17,4826.13
67889874,4000,4000,4000,36 months,11.99,132.84,C,C1,Secreatary 1,3 years,RENT,41501,Source Verified,15-Dec,Fully Paid,n,https://lendingclub.com/browse/loanDetail.action?loan_id=67889874,,debt_consolidation,Debt consolidation,113xx,NY,12.9,0,4742.999583,4743,4000,743,0,0,0,Jun-18,1030.14
68341663,20000,20000,20000,60 months,13.44,459.58,C,C3,Administrative Manager ,9 years,MORTGAGE,75000,Not Verified,15-Dec,Current,n,https://lendingclub.com/browse/loanDetail.action?loan_id=68341663,,debt_consolidation,,596xx,MT,20.67,0,17426.71,17426.71,11082.61,6344.1,0,0,0,Feb-19,459.58
68547380,20000,20000,20000,36 months,11.48,659.33,B,B5,General Manager,5 years,RENT,60000,Not Verified,15-Dec,Fully Paid,n,https://lendingclub.com/browse/loanDetail.action?loan_id=68547380,,debt_consolidation,Debt consolidation,234xx,VA,22.62,0,23657.701474725698,23657.7,20000,3657.7,0,0,0,Sep-18,3250.36
68516174,10000,10000,10000,36 months,9.17,318.79,B,B2,analyst,10+ years,MORTGAGE,59307,Not Verified,15-Dec,Fully Paid,n,https://lendingclub.com/browse/loanDetail.action?loan_id=68516174,,credit_card,Credit card refinancing,440xx,OH,32.7,1,11502.497222394399,11502.5,10000,1502.5,0,0,0,Dec-18,638.18
68436774,18850,18850,18850,36 months,21.48,714.83,E,E5,Social Worker,< 1 year,MORTGAGE,55000,Not Verified,15-Dec,Charged Off,n,https://lendingclub.com/browse/loanDetail.action?loan_id=68436774,,debt_consolidation,Debt consolidation,894xx,NV,15.56,0,4304.22,4304.22,2323.07,1909.67,71.48,0,0,Aug-16,35.74
67327688,21000,21000,21000,60 months,11.99,467.03,C,C1,research scientist,10+ years,MORTGAGE,82000,Not Verified,15-Dec,Fully Paid,n,https://lendingclub.com/browse/loanDetail.action?loan_id=67327688,,debt_consolidation,Debt consolidation,146xx,NY,15.07,0,22353.07,22353.07,21000,1353.07,0,0,0,Jul-16,20052.89
68547369,10500,10500,10500,36 months,8.49,331.42,B,B1,Strategic Account Manager,4 years,MORTGAGE,60000,Not Verified,15-Dec,Fully Paid,n,https://lendingclub.com/browse/loanDetail.action?loan_id=68547369,,debt_consolidation,Debt consolidation,250xx,WV,15.39,1,11737.50136,11737.5,10500,1237.5,0,0,0,Dec-17,4458.64
68466869,4575,4575,4575,36 months,17.27,163.73,D,D3,2nd pressman,5 years,RENT,56000,Not Verified,15-Dec,Charged Off,n,https://lendingclub.com/browse/loanDetail.action?loan_id=68466869,,house,Home buying,080xx,NJ,10.03,1,1659.25,1659.25,1044.77,614.48,0,0,0,Nov-16,163.73
68496812,5000,5000,5000,36 months,11.48,164.84,B,B5,Direct Support Professional,1 year,RENT,17000,Source Verified,15-Dec,Fully Paid,n,https://lendingclub.com/browse/loanDetail.action?loan_id=68496812,,other,Other,031xx,NH,27.9,0,5852.44151,5852.44,5000,852.44,0,0,0,Mar-18,1739.41
68436907,8000,8000,8000,36 months,6.99,246.99,A,A3,,,MORTGAGE,45000,Not Verified,15-Dec,Fully Paid,n,https://lendingclub.com/browse/loanDetail.action?loan_id=68436907,,home_improvement,Home improvement,028xx,RI,15.15,0,8890.660307,8890.66,8000,890.66,0,0,0,Jan-19,246.61
68496925,5000,5000,5000,36 months,11.99,166.05,C,C1,Dental Assistant,1 year,RENT,30000,Source Verified,15-Dec,Charged Off,n,https://lendingclub.com/browse/loanDetail.action?loan_id=68496925,,debt_consolidation,Debt consolidation,208xx,MD,9.16,0,5320.27,5320.27,4193.7,945.52,0,181.05,32.589,Aug-18,166.05
68476567,9075,9075,9075,36 months,5.32,273.3,A,A1,Advanced Analyst,10+ years,MORTGAGE,40000,Not Verified,15-Dec,Fully Paid,n,https://lendingclub.com/browse/loanDetail.action?loan_id=68476567,,credit_card,Credit card refinancing,594xx,MT,8.39,0,9723.378687,9723.38,9075,648.38,0,0,0,Nov-17,3990.79
68547291,24000,24000,24000,60 months,12.88,544.61,C,C2,Speech Language Pathologist,2 years,MORTGAGE,75181.21,Not Verified,15-Dec,Current,n,https://lendingclub.com/browse/loanDetail.action?loan_id=68547291,,debt_consolidation,Debt consolidation,242xx,VA,31.57,0,20772.46,20772.46,13379.18,7393.28,0,0,0,Mar-19,544.61
68616851,12500,12500,12500,36 months,7.49,388.78,A,A4,manager,10+ years,RENT,52000,Not Verified,15-Dec,Fully Paid,n,https://lendingclub.com/browse/loanDetail.action?loan_id=68616851,,credit_card,Credit card refinancing,945xx,CA,6.83,0,13622.938867681001,13622.94,12500,1122.94,0,0,0,Jul-17,7026.68
68375498,19600,19600,19600,60 months,15.77,474.25,D,D1,Sales representative,8 years,MORTGAGE,80000,Source Verified,15-Dec,Charged Off,n,https://lendingclub.com/browse/loanDetail.action?loan_id=68375498,,debt_consolidation,Debt consolidation,038xx,NH,18.99,0,15201.89,15201.89,7248.65,6073.27,142.26,1737.71,312.7878,Jun-18,497.96
68466830,35000,35000,35000,36 months,13.99,1196.05,C,C4,Truck driver ,2 years,MORTGAGE,90000,Source Verified,15-Dec,Fully Paid,n,https://lendingclub.com/browse/loanDetail.action?loan_id=68466830,,debt_consolidation,Debt consolidation,347xx,FL,10.97,0,43771.293523155895,43771.29,35000,8771.29,0,0,0,Dec-18,7315.86
68593616,28000,28000,28000,60 months,8.49,574.33,B,B1,Client Service Manager,1 year,MORTGAGE,75000,Not Verified,15-Dec,Fully Paid,n,https://lendingclub.com/browse/loanDetail.action?loan_id=68593616,,debt_consolidation,Debt consolidation,301xx,GA,24.83,0,32339.77247,32339.77,28000,4339.77,0,0,0,Apr-18,17440.21
68547492,14000,14000,14000,60 months,15.77,338.75,D,D1,Business Systems Analyst,1 year,RENT,45500,Not Verified,15-Dec,Charged Off,n,https://lendingclub.com/browse/loanDetail.action?loan_id=68547492,,debt_consolidation,Debt consolidation,770xx,TX,19.24,0,8888.09,8888.09,4545.51,3892.58,0,450,81,Feb-18,338.75
68547446,16000,16000,16000,36 months,9.8,514.78,B,B3,,,MORTGAGE,99906,Not Verified,15-Dec,Fully Paid,n,https://lendingclub.com/browse/loanDetail.action?loan_id=68547446,,credit_card,Credit card refinancing,117xx,NY,6.97,0,18510.04665,18510.05,16000,2510.05,0,0,0,Jan-19,514.53
68537494,14000,14000,14000,36 months,5.32,421.61,A,A1,Senior Brand Manager,4 years,RENT,120000,Not Verified,15-Dec,Fully Paid,n,https://lendingclub.com/browse/loanDetail.action?loan_id=68537494,,debt_consolidation,Debt consolidation,941xx,CA,6.73,0,14937.239023181399,14937.24,14000,937.24,0,0,0,Jul-18,320.89
68366933,24000,24000,24000,36 months,8.49,757.51,B,B1,nutritionist,8 years,MORTGAGE,72000,Not Verified,15-Dec,Fully Paid,n,https://lendingclub.com/browse/loanDetail.action?loan_id=68366933,,debt_consolidation,Debt consolidation,770xx,TX,22.8,0,27064.65123,27064.65,24000,3064.65,0,0,0,May-18,6640.18
66574010,35000,35000,35000,36 months,13.99,1196.05,C,C4,RRT,6 years,OWN,75000,Source Verified,15-Dec,Fully Paid,n,https://lendingclub.com/browse/loanDetail.action?loan_id=66574010,,debt_consolidation,Debt consolidation,346xx,FL,18.19,0,36128.45,36128.45,35000,1128.45,0,0,0,Apr-16,33804.36
68565380,14550,14550,14550,60 months,15.77,352.06,D,D1,Administrative Assistant,10+ years,MORTGAGE,70000,Verified,15-Dec,Current,n,https://lendingclub.com/browse/loanDetail.action?loan_id=68565380,,debt_consolidation,Debt consolidation,338xx,FL,34.44,0,13346.41,13346.41,7862.15,5484.26,0,0,0,Feb-19,352.06
68446530,8000,8000,8000,36 months,11.48,263.74,B,B5,Valued Associate,< 1 year,RENT,21610,Verified,15-Dec,Fully Paid,n,https://lendingclub.com/browse/loanDetail.action?loan_id=68446530,,credit_card,Credit card refinancing,370xx,TN,31.06,0,9155.962588,9155.96,8000,1155.96,0,0,0,Aug-17,4421.4
68375365,32400,32400,32400,60 months,9.8,685.23,B,B3,Project Manager,10+ years,MORTGAGE,106284,Source Verified,15-Dec,Current,n,https://lendingclub.com/browse/loanDetail.action?loan_id=68375365,,credit_card,Credit card refinancing,782xx,TX,24.11,0,26038.74,26038.74,18653.4,7385.34,0,0,0,Mar-19,685.23
68366859,3600,3600,3600,36 months,13.44,122.07,C,C3,Graduate Student ,1 year,RENT,25000,Source Verified,15-Dec,Fully Paid,n,https://lendingclub.com/browse/loanDetail.action?loan_id=68366859,,debt_consolidation,Debt consolidation,191xx,PA,26.45,0,4280.1895470053005,4280.19,3600,680.19,0,0,0,Dec-17,1601.37
68563427,10500,10500,10500,36 months,13.99,358.82,C,C4,SW,10+ years,MORTGAGE,110000,Not Verified,15-Dec,Fully Paid,n,https://lendingclub.com/browse/loanDetail.action?loan_id=68563427,,debt_consolidation,Debt consolidation,922xx,CA,30.73,1,11399.8,11399.8,10500,899.8,0,0,0,Sep-16,8908.46
68607018,3000,3000,3000,36 months,11.48,98.9,B,B5,technician,10+ years,MORTGAGE,105000,Verified,15-Dec,Fully Paid,n,https://lendingclub.com/browse/loanDetail.action?loan_id=68607018,,home_improvement,Home improvement,906xx,CA,12.09,0,3555.124843,3555.12,3000,555.12,0,0,0,Dec-18,197.3
68485643,16000,16000,16000,36 months,14.85,553.48,C,C5,Nurse,2 years,RENT,43000,Source Verified,15-Dec,Fully Paid,n,https://lendingclub.com/browse/loanDetail.action?loan_id=68485643,,credit_card,Credit card refinancing,104xx,NY,17.11,0,19924.29927,19924.3,16000,3924.3,0,0,0,Jan-19,567.76
68526838,8000,8000,8000,36 months,7.49,248.82,A,A4,Teacher,10+ years,MORTGAGE,57000,Not Verified,15-Dec,Fully Paid,n,https://lendingclub.com/browse/loanDetail.action?loan_id=68526838,,debt_consolidation,Debt consolidation,158xx,PA,25.01,0,8973.886929,8973.89,8000,973.89,0,0,0,Jan-19,248.55
68577637,19500,19500,19500,36 months,7.49,606.49,A,A4,Producer,< 1 year,RENT,85000,Not Verified,15-Dec,Fully Paid,n,https://lendingclub.com/browse/loanDetail.action?loan_id=68577637,,debt_consolidation,Debt consolidation,900xx,CA,13.74,0,21816.2612,21816.26,19500,2316.26,0,0,0,Jan-19,609.4
68537513,2000,2000,2000,36 months,8.49,63.13,B,B1,Dean,8 years,MORTGAGE,140000,Source Verified,15-Dec,Fully Paid,n,https://lendingclub.com/browse/loanDetail.action?loan_id=68537513,,other,Other,294xx,SC,6.78,0,2091.18,2091.18,2000,76.18,15,0,0,Jun-16,1960.21
68366850,16000,16000,16000,36 months,5.32,481.84,A,A1,Marketing manager,8 years,MORTGAGE,96000,Not Verified,15-Dec,Fully Paid,n,https://lendingclub.com/browse/loanDetail.action?loan_id=68366850,,debt_consolidation,Debt consolidation,551xx,MN,14.45,0,16700.539229686998,16700.54,16000,700.54,0,0,0,Dec-16,11893.96
68396912,3500,3500,3500,36 months,10.78,114.23,B,B4,Account Manager,8 years,MORTGAGE,122400,Source Verified,15-Dec,Fully Paid,n,https://lendingclub.com/browse/loanDetail.action?loan_id=68396912,,vacation,Vacation,957xx,CA,17.97,0,3898.860922,3898.86,3500,398.86,0,0,0,Apr-17,2304.88
68396542,14000,14000,14000,60 months,9.17,291.78,B,B2,Tax Accountant,4 years,RENT,94000,Source Verified,15-Dec,Current,n,https://lendingclub.com/browse/loanDetail.action?loan_id=68396542,,debt_consolidation,Debt consolidation,282xx,NC,32.3,0,11098.33,11098.33,8112.46,2985.87,0,0,0,Mar-19,291.78
68487142,24000,24000,24000,36 months,11.48,791.2,B,B5,Senior Business Analyst,3 years,OWN,95000,Verified,15-Dec,Fully Paid,n,https://lendingclub.com/browse/loanDetail.action?loan_id=68487142,,debt_consolidation,Debt consolidation,606xx,IL,26.89,0,28466.97494,28466.97,24000,4466.97,0,0,0,Jan-19,1604.44
68566731,6000,6000,6000,36 months,5.32,180.69,A,A1,Director of Risk Management ,2 years,OWN,120000,Not Verified,15-Dec,Fully Paid,n,https://lendingclub.com/browse/loanDetail.action?loan_id=68566731,,credit_card,Credit card refinancing,113xx,NY,3.98,0,6269.199446,6269.2,6000,269.2,0,0,0,Dec-16,4465.28
68496845,24000,24000,24000,36 months,7.91,751.08,A,A5,Registered Nurse,9 years,MORTGAGE,100000,Not Verified,15-Dec,Fully Paid,n,https://lendingclub.com/browse/loanDetail.action?loan_id=68496845,,debt_consolidation,Debt consolidation,490xx,MI,26.83,1,27012.377179326002,27012.38,24000,3012.38,0,0,0,Jan-19,750.95
68614704,14875,14875,14875,60 months,18.49,381.71,D,D5,Case Manager,3 years,RENT,37231,Verified,15-Dec,Charged Off,n,https://lendingclub.com/browse/loanDetail.action?loan_id=68614704,,debt_consolidation,Debt consolidation,370xx,TN,36.3,1,4813.11,4813.11,1460.31,1936.88,0,1415.92,254.8656,Oct-16,381.71
68340647,10000,10000,10000,36 months,11.99,332.1,C,C1,owner,7 years,RENT,45000,Not Verified,15-Dec,Fully Paid,n,https://lendingclub.com/browse/loanDetail.action?loan_id=68340647,,other,,210xx,MD,37.55,0,10972.86194,10972.86,10000,972.86,0,0,0,Dec-16,7668.51
68587491,15000,15000,15000,36 months,6.99,463.09,A,A3,Purchasing Manager,2 years,MORTGAGE,93000,Not Verified,15-Dec,Fully Paid,n,https://lendingclub.com/browse/loanDetail.action?loan_id=68587491,,credit_card,Credit card refinancing,020xx,MA,14.86,0,16162.618726716799,16162.62,15000,1162.62,0,0,0,May-17,8796.87
68526879,10000,10000,10000,36 months,5.32,301.15,A,A1,Science teacher,10+ years,RENT,68000,Not Verified,15-Dec,Fully Paid,n,https://lendingclub.com/browse/loanDetail.action?loan_id=68526879,,credit_card,Credit card refinancing,468xx,IN,14.61,0,10740.21397,10740.21,10000,740.21,0,0,0,Jan-18,3821.15
68407273,18000,18000,18000,60 months,9.17,375.14,B,B2,Teacher,10+ years,OWN,97000,Not Verified,15-Dec,Current,n,https://lendingclub.com/browse/loanDetail.action?loan_id=68407273,,major_purchase,Major purchase,117xx,NY,22.22,1,14235.11,14235.11,10428.16,3806.95,0,0,0,Mar-19,375.14
67415657,24000,24000,24000,60 months,19.48,628.93,E,E2,fsm,10+ years,RENT,97000,Verified,15-Dec,Fully Paid,n,https://lendingclub.com/browse/loanDetail.action?loan_id=67415657,,debt_consolidation,Debt consolidation,800xx,CO,7.23,0,29546.321064427404,29546.32,24000,5546.32,0,0,0,Apr-17,20806.23
68535544,23525,23525,23525,60 months,17.97,597,D,D4,Executive Assistant,5 years,MORTGAGE,70000,Not Verified,15-Dec,Fully Paid,n,https://lendingclub.com/browse/loanDetail.action?loan_id=68535544,,debt_consolidation,Debt consolidation,082xx,NJ,13.33,0,29630.96506,29630.97,23525,6105.97,0,0,0,Aug-17,18943.68
68416810,12000,12000,12000,60 months,9.17,250.1,B,B2,Financial Planner,10+ years,OWN,68000,Not Verified,15-Dec,Current,n,https://lendingclub.com/browse/loanDetail.action?loan_id=68416810,,credit_card,Credit card refinancing,774xx,TX,14.53,0,9509.91,9509.91,6953.66,2556.25,0,0,0,Mar-19,250.1
68394924,11000,11000,11000,36 months,10.78,358.99,B,B4,Physician,10+ years,RENT,297000,Verified,15-Dec,Fully Paid,n,https://lendingclub.com/browse/loanDetail.action?loan_id=68394924,,other,Other,207xx,MD,12.69,1,12891.217029548701,12891.22,11000,1891.22,0,0,0,Oct-18,1420.01
68547122,24000,24000,24000,36 months,9.17,765.1,B,B2,Nurse Anestheti,2 years,MORTGAGE,210000,Source Verified,15-Dec,Fully Paid,n,https://lendingclub.com/browse/loanDetail.action?loan_id=68547122,,debt_consolidation,Debt consolidation,563xx,MN,20.16,0,27512.777716583998,27512.78,24000,3512.78,0,0,0,Jan-19,764.85
68386904,15000,15000,15000,60 months,16.59,369.49,D,D2,Revenue Control Specialist,8 years,RENT,42900,Verified,15-Dec,Current,n,https://lendingclub.com/browse/loanDetail.action?loan_id=68386904,,debt_consolidation,Debt consolidation,021xx,MA,36.98,0,14006.06,14006.06,8032.19,5973.87,0,0,0,Feb-19,369.49
68526818,16000,16000,16000,36 months,8.49,505.01,B,B1,Engineer ,10+ years,MORTGAGE,140000,Not Verified,15-Dec,Fully Paid,n,https://lendingclub.com/browse/loanDetail.action?loan_id=68526818,,credit_card,Credit card refinancing,786xx,TX,14.68,2,18216.56062,18216.56,16000,2216.56,0,0,0,Jan-19,504.87
68446558,15000,15000,15000,60 months,7.91,303.51,A,A5,Human Resources,5 years,RENT,90000,Verified,15-Dec,Charged Off,n,https://lendingclub.com/browse/loanDetail.action?loan_id=68446558,,debt_consolidation,Debt consolidation,117xx,NY,17.07,0,11803.19,11803.19,9516.48,2271.53,15.18,0,0,May-18,4486
68506619,5000,5000,5000,36 months,11.99,166.05,C,C1,RN,8 years,MORTGAGE,60000,Not Verified,15-Dec,Charged Off,n,https://lendingclub.com/browse/loanDetail.action?loan_id=68506619,,debt_consolidation,Debt consolidation,301xx,GA,19.56,0,1320.07,1320.07,961.87,358.2,0,0,0,Sep-16,166.05
68496948,19100,19100,19100,60 months,10.78,413.19,B,B4,Administrator,10+ years,MORTGAGE,115000,Not Verified,15-Dec,Current,n,https://lendingclub.com/browse/loanDetail.action?loan_id=68496948,,debt_consolidation,Debt consolidation,184xx,PA,14.35,0,15672.62,15672.62,10885.19,4787.43,0,0,0,Feb-19,413.19
68396786,15000,15000,15000,36 months,10.78,489.52,B,B4,Sales Manager,3 years,OWN,85000,Source Verified,15-Dec,Fully Paid,n,https://lendingclub.com/browse/loanDetail.action?loan_id=68396786,,credit_card,Credit card refinancing,463xx,IN,10.14,0,17005.468748056002,17005.47,15000,2005.47,0,0,0,Aug-17,8216.57
68606972,30000,30000,30000,60 months,18.49,769.83,D,D5,Sales,2 years,MORTGAGE,85000,Source Verified,15-Dec,Current,n,https://lendingclub.com/browse/loanDetail.action?loan_id=68606972,,debt_consolidation,Debt consolidation,070xx,NJ,35.93,0,29176.5,29176.5,15728.35,13448.15,0,0,0,Feb-19,769.83
68596708,15000,15000,15000,36 months,9.8,482.61,B,B3,maintenance,10+ years,RENT,60000,Not Verified,15-Dec,Fully Paid,n,https://lendingclub.com/browse/loanDetail.action?loan_id=68596708,,credit_card,Credit card refinancing,436xx,OH,25.56,0,15133.97,15133.97,15000,133.97,0,0,0,Feb-16,15154.39
68476642,3500,3500,3500,36 months,13.99,119.61,C,C4,electrical construction apprentice,10+ years,RENT,105000,Verified,15-Dec,Fully Paid,n,https://lendingclub.com/browse/loanDetail.action?loan_id=68476642,,other,Other,906xx,CA,17.65,0,4280.272129314199,4280.27,3500,780.27,0,0,0,Jan-19,0.59
68616825,20000,20000,20000,36 months,9.17,637.58,B,B2,,2 years,RENT,130000,Source Verified,15-Dec,Fully Paid,n,https://lendingclub.com/browse/loanDetail.action?loan_id=68616825,,debt_consolidation,Debt consolidation,104xx,NY,12.77,0,22865.0298,22865.03,20000,2833.15,31.88,0,0,Jul-18,5038.26
68526740,10000,10000,10000,60 months,13.44,229.79,C,C3,Mechanic,7 years,RENT,30160,Not Verified,15-Dec,Current,n,https://lendingclub.com/browse/loanDetail.action?loan_id=68526740,,credit_card,Credit card refinancing,601xx,IL,29.45,0,8713.35,8713.35,5541.3,3172.05,0,0,0,Feb-19,229.79
68426716,35000,35000,35000,60 months,18.49,898.13,D,D5,IT Supervisor,9 years,MORTGAGE,132500,Source Verified,15-Dec,Fully Paid,n,https://lendingclub.com/browse/loanDetail.action?loan_id=68426716,,debt_consolidation,Debt consolidation,750xx,TX,14.48,0,47716.45949,47716.46,35000,12716.46,0,0,0,May-18,23556.83
68376710,16000,16000,16000,60 months,14.85,379.39,C,C5,District Sales Leader,10+ years,RENT,90000,Not Verified,15-Dec,Late (31-120 days),n,https://lendingclub.com/browse/loanDetail.action?loan_id=68376710,,credit_card,Credit card refinancing,917xx,CA,16.65,0,14157.37,14157.37,8306.06,5756.46,94.85,0,0,Mar-19,379.39
68587530,2000,2000,2000,36 months,11.99,66.42,C,C1,Financial Manager,10+ years,MORTGAGE,180000,Not Verified,15-Dec,Fully Paid,n,https://lendingclub.com/browse/loanDetail.action?loan_id=68587530,,other,Other,607xx,IL,12.66,0,2378.02462,2378.02,2000,378.02,0,0,0,Jul-18,455.17
68476592,12000,12000,12000,36 months,9.8,386.09,B,B3,Certified Lead Samsung Experience Consul,2 years,RENT,39500,Verified,15-Dec,Fully Paid,n,https://lendingclub.com/browse/loanDetail.action?loan_id=68476592,,credit_card,Credit card refinancing,770xx,TX,25.43,0,13882.511709868999,13882.51,12000,1882.51,0,0,0,Jan-19,385.69
68476512,8000,8000,8000,36 months,6.99,246.99,A,A3,Registered Nurse ,1 year,MORTGAGE,80000,Not Verified,15-Dec,Fully Paid,n,https://lendingclub.com/browse/loanDetail.action?loan_id=68476512,,credit_card,Credit card refinancing,164xx,PA,18.92,0,8213.49,8213.49,8000,213.49,0,0,0,Jun-16,7233.3
68537368,10000,10000,10000,36 months,9.8,321.74,B,B3,Quality Assurance Wings,10+ years,MORTGAGE,92000,Source Verified,15-Dec,Charged Off,n,https://lendingclub.com/browse/loanDetail.action?loan_id=68537368,,debt_consolidation,Debt consolidation,980xx,WA,10.55,1,6796.55,6796.55,4906.57,1192.88,16.09,681.01,122.5818,Aug-17,321.74
68376880,25000,25000,25000,60 months,7.91,505.84,A,A5,Executive Admin,10+ years,RENT,76500,Not Verified,15-Dec,Current,n,https://lendingclub.com/browse/loanDetail.action?loan_id=68376880,,credit_card,Credit card refinancing,553xx,MN,15.65,0,19276.84,19276.84,14672.78,4604.06,0,0,0,Mar-19,505.84
68366911,35000,35000,35000,36 months,13.99,1196.05,C,C4,Executive Director ,10+ years,RENT,100000,Source Verified,15-Dec,Fully Paid,n,https://lendingclub.com/browse/loanDetail.action?loan_id=68366911,,debt_consolidation,Debt consolidation,956xx,CA,19.43,6,42873.76666,42873.77,35000,7873.77,0,0,0,Jan-19,680.03
68547485,25600,25600,25600,60 months,7.91,517.98,A,A5,Lawyer,3 years,OWN,150000,Not Verified,15-Dec,Fully Paid,n,https://lendingclub.com/browse/loanDetail.action?loan_id=68547485,,debt_consolidation,Debt consolidation,770xx,TX,10.88,0,27785.35156,27785.35,25600,2185.35,0,0,0,Mar-18,4848.59
68606926,4325,4325,4325,36 months,11.99,143.64,C,C1,Account manager,10+ years,OWN,90000,Not Verified,15-Dec,Fully Paid,n,https://lendingclub.com/browse/loanDetail.action?loan_id=68606926,,major_purchase,Major purchase,231xx,VA,16.96,1,5163.4624357640005,5163.46,4325,838.46,0,0,0,Jan-19,143.26
68339758,6000,6000,6000,36 months,6.99,185.24,A,A3,Teacher,10+ years,OWN,48000,Not Verified,15-Dec,Fully Paid,n,https://lendingclub.com/browse/loanDetail.action?loan_id=68339758,,credit_card,,324xx,FL,33.78,0,6662.626347,6662.63,6000,662.63,0,0,0,Jan-19,185.05
68366819,18200,18200,18200,60 months,15.77,440.37,D,D1,Accounting Supervisor,8 years,RENT,65000,Not Verified,15-Dec,Charged Off,n,https://lendingclub.com/browse/loanDetail.action?loan_id=68366819,,credit_card,Credit card refinancing,300xx,GA,29.28,0,4832.53,4832.53,1465.09,1617.5,0,1749.94,314.9892,Aug-16,440.37
68386935,10000,10000,10000,36 months,6.99,308.73,A,A3,Master Carpenter,3 years,RENT,54000,Not Verified,15-Dec,Fully Paid,n,https://lendingclub.com/browse/loanDetail.action?loan_id=68386935,,credit_card,Credit card refinancing,554xx,MN,19.38,0,11104.38033,11104.38,10000,1104.38,0,0,0,Jan-19,308.54
67839460,30000,30000,30000,60 months,13.44,689.37,C,C3,legal secretary,5 years,MORTGAGE,81000,Source Verified,15-Dec,Fully Paid,n,https://lendingclub.com/browse/loanDetail.action?loan_id=67839460,,debt_consolidation,Debt consolidation,207xx,MD,12.03,3,39247.17036,39247.17,30000,9247.17,0,0,0,Jan-19,15175.22
68496969,13200,13200,13200,36 months,5.32,397.52,A,A1,"Director, Accounting & Finance",2 years,MORTGAGE,150000,Not Verified,15-Dec,Fully Paid,n,https://lendingclub.com/browse/loanDetail.action?loan_id=68496969,,home_improvement,Home improvement,773xx,TX,15.45,0,13606.39,13606.39,13200,406.39,0,0,0,Aug-16,11231.02
68366976,10000,10000,10000,36 months,6.99,308.73,A,A3,SALES,5 years,RENT,220000,Not Verified,15-Dec,Fully Paid,n,https://lendingclub.com/browse/loanDetail.action?loan_id=68366976,,debt_consolidation,Debt consolidation,600xx,IL,4.76,0,10205.53,10205.53,10000,205.53,0,0,0,Apr-16,9597.78
68547425,3000,3000,3000,36 months,11.48,98.9,B,B5,O&M Specialist III,5 years,MORTGAGE,75000,Source Verified,15-Dec,Fully Paid,n,https://lendingclub.com/browse/loanDetail.action?loan_id=68547425,,debt_consolidation,Debt consolidation,751xx,TX,22.82,1,3555.9102230459002,3555.91,3000,555.91,0,0,0,Feb-19,0.29
68537517,20000,20000,20000,36 months,9.8,643.47,B,B3,Director,10+ years,OWN,96000,Not Verified,15-Dec,Fully Paid,n,https://lendingclub.com/browse/loanDetail.action?loan_id=68537517,,debt_consolidation,Debt consolidation,341xx,FL,19.04,0,21436.7033,21436.7,20000,1436.7,0,0,0,Feb-17,3135.21
68596759,13875,13875,13875,60 months,11.99,308.58,C,C1,Purchasing Agent,10+ years,MORTGAGE,32500,Source Verified,15-Dec,Fully Paid,n,https://lendingclub.com/browse/loanDetail.action?loan_id=68596759,,credit_card,Credit card refinancing,704xx,LA,23.53,0,16015.88213,16015.88,13875,2140.88,0,0,0,Jun-17,11101.71
68396899,18000,18000,18000,36 months,6.49,551.61,A,A2,Dispatcher,10+ years,MORTGAGE,76000,Verified,15-Dec,Fully Paid,n,https://lendingclub.com/browse/loanDetail.action?loan_id=68396899,,debt_consolidation,Debt consolidation,750xx,TX,14.4,1,19746.74497,19746.74,18000,1746.74,0,0,0,May-18,4869.49
68445368,15225,15225,15225,36 months,8.49,480.55,B,B1,Teacher,3 years,OWN,40000,Not Verified,15-Dec,Charged Off,n,https://lendingclub.com/browse/loanDetail.action?loan_id=68445368,,debt_consolidation,Debt consolidation,366xx,AL,21.21,0,13554.23,13554.23,11046.2,1910.7,24.03,573.3,103.194,Apr-18,480.55
68537434,16000,16000,16000,60 months,11.48,351.73,B,B5,Sr Sales Executive,6 years,RENT,65000,Not Verified,15-Dec,Charged Off,n,https://lendingclub.com/browse/loanDetail.action?loan_id=68537434,,debt_consolidation,Debt consolidation,327xx,FL,21.16,0,7046.98,7046.98,3188.01,2112.17,0,1746.8,314.42400000000004,Apr-17,351.73
68426691,21000,21000,21000,60 months,9.8,444.13,B,B3,manager,7 years,RENT,125000,Not Verified,15-Dec,Charged Off,n,https://lendingclub.com/browse/loanDetail.action?loan_id=68426691,,other,Other,940xx,CA,6.2,0,859.68,859.68,547.49,312.19,0,0,0,Mar-16,444.13
67195202,13000,13000,13000,60 months,16.59,320.23,D,D2,Sr. Business Specialist,< 1 year,RENT,40000,Verified,15-Dec,Charged Off,n,https://lendingclub.com/browse/loanDetail.action?loan_id=67195202,,debt_consolidation,Debt consolidation,967xx,HI,16.74,0,2619.13,2619.13,872.71,1018.72,0,727.7,130.986,Jul-16,320.23
68396815,20000,20000,20000,36 months,7.91,625.9,A,A5,Community Manager,5 years,OWN,120000,Not Verified,15-Dec,Fully Paid,n,https://lendingclub.com/browse/loanDetail.action?loan_id=68396815,,major_purchase,Major purchase,917xx,CA,4.99,3,21670.8295,21670.83,20000,1670.83,0,0,0,Apr-17,12930.2
68426793,31075,31075,31075,36 months,7.49,966.49,A,A4,Lieutenant,10+ years,RENT,70000,Source Verified,15-Dec,Fully Paid,n,https://lendingclub.com/browse/loanDetail.action?loan_id=68426793,,credit_card,Credit card refinancing,301xx,GA,17.18,0,32165.83,32165.83,31075,1090.83,0,0,0,Jul-16,27333.39
68486834,18000,18000,18000,36 months,6.99,555.71,A,A3,Owner,10+ years,OWN,120000,Not Verified,15-Dec,Fully Paid,n,https://lendingclub.com/browse/loanDetail.action?loan_id=68486834,,credit_card,Credit card refinancing,815xx,CO,14.88,1,19994.47305,19994.47,18000,1994.47,0,0,0,Jan-19,555.52
68566787,5000,5000,5000,36 months,9.17,159.4,B,B2,,,MORTGAGE,74967,Verified,15-Dec,Fully Paid,n,https://lendingclub.com/browse/loanDetail.action?loan_id=68566787,,other,Other,825xx,WY,33.39,0,5089.72,5089.72,5000,89.72,0,0,0,Mar-16,4936.69
68506699,4675,4675,4675,36 months,17.27,167.31,D,D3,Sales Associate,< 1 year,MORTGAGE,13000,Not Verified,15-Dec,Fully Paid,n,https://lendingclub.com/browse/loanDetail.action?loan_id=68506699,,credit_card,Credit card refinancing,495xx,MI,34.07,1,6016.222963226801,6016.22,4675,1341.22,0,0,0,Jan-19,167.1
68102209,6000,6000,6000,36 months,9.8,193.05,B,B3,Automation Engineer,4 years,MORTGAGE,85140,Not Verified,15-Dec,Fully Paid,n,https://lendingclub.com/browse/loanDetail.action?loan_id=68102209,,debt_consolidation,Debt consolidation,928xx,CA,14.42,0,6314.02,6314.02,6000,314.02,0,0,0,Jul-16,5178.59
68486386,12000,12000,12000,60 months,12.88,272.31,C,C2,General / sales Manager,10+ years,MORTGAGE,90000,Not Verified,15-Dec,Fully Paid,n,https://lendingclub.com/browse/loanDetail.action?loan_id=68486386,,debt_consolidation,Debt consolidation,928xx,CA,12.62,0,14494.33198,14494.33,12000,2494.33,0,0,0,Nov-17,8793
68072419,13000,13000,13000,60 months,13.99,302.42,C,C4,Technician,10+ years,RENT,115000,Not Verified,15-Dec,Fully Paid,n,https://lendingclub.com/browse/loanDetail.action?loan_id=68072419,,home_improvement,Home improvement,852xx,AZ,9.9,0,15764.027648298701,15764.03,13000,2733.79,30.24,0,0,Oct-17,8646.13
68366904,1800,1800,1800,36 months,11.48,59.34,B,B5,Benefits Consultant,10+ years,RENT,50000,Not Verified,15-Dec,Fully Paid,n,https://lendingclub.com/browse/loanDetail.action?loan_id=68366904,,other,Other,140xx,NY,20.38,0,2129.561151,2129.56,1800,329.56,0,0,0,Sep-18,292.89
68566711,4475,4475,4475,36 months,16.59,158.64,D,D2,Rph,10+ years,RENT,114000,Not Verified,15-Dec,Fully Paid,n,https://lendingclub.com/browse/loanDetail.action?loan_id=68566711,,credit_card,Credit card refinancing,380xx,TN,8.36,4,5700.467574,5700.47,4475,1225.47,0,0,0,Jan-19,158.38
68426707,14400,14400,14400,36 months,6.49,441.29,A,A2,Sales Engineer,8 years,MORTGAGE,70000,Not Verified,15-Dec,Fully Paid,n,https://lendingclub.com/browse/loanDetail.action?loan_id=68426707,,debt_consolidation,Debt consolidation,270xx,NC,16.32,0,15833.05769,15833.06,14400,1433.06,0,0,0,Aug-18,957.34
68386931,5875,5875,5875,36 months,7.91,183.86,A,A5,Purchasing Assistant,5 years,RENT,70000,Not Verified,15-Dec,Fully Paid,n,https://lendingclub.com/browse/loanDetail.action?loan_id=68386931,,debt_consolidation,Debt consolidation,926xx,CA,9.53,0,6419.006588288199,6419.01,5875,544.01,0,0,0,Aug-17,4.12
68595206,20000,20000,20000,36 months,17.97,722.75,D,D4,Nurse Manager,7 years,MORTGAGE,180000,Not Verified,15-Dec,Fully Paid,n,https://lendingclub.com/browse/loanDetail.action?loan_id=68595206,,debt_consolidation,Debt consolidation,778xx,TX,25.1,0,23123.77224,23123.77,20000,3123.77,0,0,0,Dec-16,15283.34
68476510,10000,10000,10000,36 months,6.99,308.73,A,A3,Senior Electrical Engineer,5 years,MORTGAGE,115000,Not Verified,15-Dec,Fully Paid,n,https://lendingclub.com/browse/loanDetail.action?loan_id=68476510,,debt_consolidation,Debt consolidation,028xx,RI,23.26,0,10623.234046785201,10623.23,10000,623.23,0,0,0,Jan-17,7236.91
68537519,34100,34100,34100,60 months,12.88,773.79,C,C2,RN,8 years,MORTGAGE,92892,Verified,15-Dec,Fully Paid,n,https://lendingclub.com/browse/loanDetail.action?loan_id=68537519,,debt_consolidation,Debt consolidation,302xx,GA,29.14,0,44265.42262,44265.42,34100,10165.42,0,0,0,Feb-19,16469.98
68616891,24000,24000,24000,36 months,11.48,791.2,B,B5,Lecturer and Curriculum Fellow,3 years,RENT,56457,Verified,15-Dec,Fully Paid,n,https://lendingclub.com/browse/loanDetail.action?loan_id=68616891,,credit_card,Credit card refinancing,021xx,MA,12.37,0,28447.150484212598,28447.15,24000,4447.15,0,0,0,Dec-18,755.16
68426620,30000,30000,30000,60 months,18.49,769.83,D,D5,Division Manager,8 years,MORTGAGE,300000,Verified,15-Dec,Current,n,https://lendingclub.com/browse/loanDetail.action?loan_id=68426620,,debt_consolidation,Debt consolidation,530xx,WI,8.62,0,29176.5,29176.5,15725.06,13451.44,0,0,0,Feb-19,769.83
68436822,5200,5200,5200,36 months,10.78,169.71,B,B4,President,7 years,MORTGAGE,160000,Not Verified,15-Dec,Fully Paid,n,https://lendingclub.com/browse/loanDetail.action?loan_id=68436822,,debt_consolidation,Debt consolidation,750xx,TX,8,1,6100.345896,6100.35,5200,900.35,0,0,0,Dec-18,338
68387044,16800,16800,16800,36 months,11.99,557.93,C,C1,Project Coordinator,< 1 year,RENT,50000,Source Verified,15-Dec,Fully Paid,n,https://lendingclub.com/browse/loanDetail.action?loan_id=68387044,,debt_consolidation,Debt consolidation,805xx,CO,5.76,0,18977.61335,18977.61,16800,2177.61,0,0,0,May-17,10636.64
67798609,10000,10000,10000,36 months,11.99,332.1,C,C1,Driver,7 years,RENT,40000,Not Verified,15-Dec,Fully Paid,n,https://lendingclub.com/browse/loanDetail.action?loan_id=67798609,,debt_consolidation,Debt consolidation,080xx,NJ,10.95,0,11939.29228,11939.29,10000,1939.29,0,0,0,Jan-19,332.44
68496924,22000,22000,22000,60 months,17.97,558.3,D,D4,Service technician,10+ years,MORTGAGE,55000,Not Verified,15-Dec,Fully Paid,n,https://lendingclub.com/browse/loanDetail.action?loan_id=68496924,,debt_consolidation,Debt consolidation,488xx,MI,22.34,1,30846.88129,30846.88,22000,8846.88,0,0,0,Nov-18,153.79
68537384,28000,28000,28000,36 months,5.32,843.22,A,A1,VP Manufacturing,10+ years,MORTGAGE,144000,Verified,15-Dec,Fully Paid,n,https://lendingclub.com/browse/loanDetail.action?loan_id=68537384,,debt_consolidation,Debt consolidation,618xx,IL,29.88,0,30244.55844,30244.56,28000,2244.56,0,0,0,Jun-18,6655.09
68587508,7200,7200,7200,36 months,6.49,220.65,A,A2,Sales,10+ years,MORTGAGE,60000,Not Verified,15-Dec,Fully Paid,n,https://lendingclub.com/browse/loanDetail.action?loan_id=68587508,,credit_card,Credit card refinancing,376xx,TN,20.68,0,7823.333624706999,7823.33,7200,623.33,0,0,0,Nov-17,3196.17
68596836,18000,18000,18000,36 months,11.99,597.78,C,C1,Clerk Typist II,9 years,RENT,41000,Not Verified,15-Dec,Fully Paid,n,https://lendingclub.com/browse/loanDetail.action?loan_id=68596836,,debt_consolidation,Debt consolidation,917xx,CA,38.35,0,21358.38851,21358.39,18000,3358.39,0,0,0,Jul-18,1752.75
68416824,8400,8400,8400,36 months,7.49,261.26,A,A4,iron fitter,1 year,OWN,30000,Not Verified,15-Dec,Fully Paid,n,https://lendingclub.com/browse/loanDetail.action?loan_id=68416824,,debt_consolidation,Debt consolidation,743xx,OK,29.2,0,9422.581014,9422.58,8400,1022.58,0,0,0,Jan-19,261.01
67675195,5000,5000,5000,36 months,14.85,172.96,C,C5,Social Worker Supervisor,2 years,RENT,67000,Source Verified,15-Dec,Fully Paid,n,https://lendingclub.com/browse/loanDetail.action?loan_id=67675195,,credit_card,Credit card refinancing,191xx,PA,31.08,0,6246.1219765508995,6246.12,5000,1246.12,0,0,0,Feb-19,3.93
68415540,5000,5000,5000,36 months,9.8,160.87,B,B3,Maintenance worker,10+ years,RENT,55000,Not Verified,15-Dec,Charged Off,n,https://lendingclub.com/browse/loanDetail.action?loan_id=68415540,,debt_consolidation,Debt consolidation,939xx,CA,10.93,0,3393.01,3393.01,2456.35,593.37,0,343.29,61.7922,Aug-17,160.87
68547382,2400,2400,2400,36 months,11.48,79.12,B,B5,Chemical operator,5 years,MORTGAGE,60000,Verified,15-Dec,Charged Off,n,https://lendingclub.com/browse/loanDetail.action?loan_id=68547382,,debt_consolidation,Debt consolidation,280xx,NC,24.14,0,1749.72,1749.72,1231.38,355.05,0,163.29,29.3922,Sep-17,79.12
68616919,15000,15000,15000,36 months,5.32,451.73,A,A1,Truck Driver,9 years,OWN,60000,Not Verified,15-Dec,Fully Paid,n,https://lendingclub.com/browse/loanDetail.action?loan_id=68616919,,debt_consolidation,Debt consolidation,763xx,TX,21.48,0,16177.49463,16177.49,15000,1177.49,0,0,0,Apr-18,4443.59
68340650,6075,6075,6075,36 months,9.17,193.67,B,B2,Senior Compliance Analyst ,9 years,MORTGAGE,64400,Verified,15-Dec,Fully Paid,n,https://lendingclub.com/browse/loanDetail.action?loan_id=68340650,,debt_consolidation,,088xx,NJ,27.37,0,6474.56,6474.56,6075,399.56,0,0,0,Oct-16,4761.92
68406175,20000,20000,20000,36 months,10.78,652.7,B,B4,Analytical Research Scientist,2 years,RENT,55000,Verified,15-Dec,Fully Paid,n,https://lendingclub.com/browse/loanDetail.action?loan_id=68406175,,debt_consolidation,Debt consolidation,600xx,IL,22.58,0,23466.94839,23466.95,20000,3466.95,0,0,0,Jan-19,652.39
68356901,6025,6025,6025,36 months,14.85,208.42,C,C5,Mgr. Quality Control,10+ years,RENT,110000,Verified,15-Dec,Fully Paid,n,https://lendingclub.com/browse/loanDetail.action?loan_id=68356901,,debt_consolidation,Debt consolidation,027xx,MA,21.32,1,6130.88,6130.88,6025,105.88,0,0,0,Feb-16,6143.31
68366957,8400,8400,8400,36 months,9.17,267.79,B,B2,Budget Services Coordinator,2 years,MORTGAGE,70000,Source Verified,15-Dec,Fully Paid,n,https://lendingclub.com/browse/loanDetail.action?loan_id=68366957,,debt_consolidation,Debt consolidation,303xx,GA,12.96,0,9500.519213,9500.52,8400,1100.52,0,0,0,Feb-18,3084.26
68466856,15000,15000,15000,60 months,12.88,340.38,C,C2,Systems Software Specialist II,2 years,RENT,90000,Not Verified,15-Dec,Fully Paid,n,https://lendingclub.com/browse/loanDetail.action?loan_id=68466856,,debt_consolidation,Debt consolidation,956xx,CA,21.17,0,18521.68982,18521.69,15000,3521.69,0,0,0,Mar-18,10034.99
68504230,19200,19200,19200,60 months,8.49,393.83,B,B1,HR Assistant,10+ years,MORTGAGE,72000,Not Verified,15-Dec,Current,n,https://lendingclub.com/browse/loanDetail.action?loan_id=68504230,,debt_consolidation,Debt consolidation,967xx,HI,21.22,0,14942.9,14942.9,11202.81,3740.09,0,0,0,Feb-19,393.83
68577640,12000,12000,12000,36 months,15.77,420.53,D,D1,Payroll Manager,< 1 year,MORTGAGE,143000,Source Verified,15-Dec,Fully Paid,n,https://lendingclub.com/browse/loanDetail.action?loan_id=68577640,,debt_consolidation,Debt consolidation,945xx,CA,3.61,1,12656.29,12656.29,12000,656.29,0,0,0,Jun-16,1000.45
68537431,28800,28800,28800,36 months,12.88,968.73,C,C2,Manager,8 years,MORTGAGE,60000,Not Verified,15-Dec,Fully Paid,n,https://lendingclub.com/browse/loanDetail.action?loan_id=68537431,,home_improvement,Home improvement,201xx,VA,6.68,0,34822.41199,34822.41,28800,6022.41,0,0,0,Jan-19,968.38
68387009,5000,5000,5000,36 months,5.32,150.58,A,A1,Orientation ,10+ years,MORTGAGE,60000,Not Verified,15-Dec,Fully Paid,n,https://lendingclub.com/browse/loanDetail.action?loan_id=68387009,,debt_consolidation,Debt consolidation,917xx,CA,19.22,0,5079.51,5079.51,5000,79.51,0,0,0,Apr-16,4782.04
68366912,5000,5000,5000,36 months,12.88,168.19,C,C2,Bartender ,7 years,MORTGAGE,60000,Not Verified,15-Dec,Fully Paid,n,https://lendingclub.com/browse/loanDetail.action?loan_id=68366912,,home_improvement,Home improvement,222xx,VA,30.24,2,6041.828362,6041.83,5000,1041.83,0,0,0,Dec-18,1.31
68596832,31500,31500,31500,60 months,11.99,700.55,C,C1,Lieutenant ,10+ years,MORTGAGE,120000,Source Verified,15-Dec,Fully Paid,n,https://lendingclub.com/browse/loanDetail.action?loan_id=68596832,,debt_consolidation,Debt consolidation,945xx,CA,10.55,0,40144.93393,40144.93,31500,8644.93,0,0,0,Mar-19,10596.15
68616471,24000,24000,24000,60 months,18.49,615.86,D,D5,Laboratory Manager,10+ years,RENT,165000,Source Verified,15-Dec,Fully Paid,n,https://lendingclub.com/browse/loanDetail.action?loan_id=68616471,,debt_consolidation,Debt consolidation,940xx,CA,13.05,1,25778.36,25778.36,24000,1778.36,0,0,0,May-16,23809.41
68606975,20000,20000,20000,60 months,12.88,453.84,C,C2,Division Manager,< 1 year,MORTGAGE,110000,Verified,15-Dec,Charged Off,n,https://lendingclub.com/browse/loanDetail.action?loan_id=68606975,,debt_consolidation,Debt consolidation,774xx,TX,23.89,0,5503.03,5503.03,1982.38,1612.56,45.38,1862.71,335.2878,Sep-16,930.37
68376378,24000,24000,24000,60 months,10.78,519.19,B,B4,Division Director OBGYN ,2 years,MORTGAGE,110000,Verified,15-Dec,Fully Paid,n,https://lendingclub.com/browse/loanDetail.action?loan_id=68376378,,debt_consolidation,Debt consolidation,483xx,MI,20.82,0,29368.84488,29368.84,24000,5368.84,0,0,0,Aug-18,13829.07
68587485,21850,21850,21850,60 months,17.27,546.21,D,D3,College professor,10+ years,MORTGAGE,65000,Not Verified,15-Dec,Fully Paid,n,https://lendingclub.com/browse/loanDetail.action?loan_id=68587485,,debt_consolidation,Debt consolidation,138xx,NY,12.74,2,27392.44932,27392.45,21850,5542.45,0,0,0,Aug-17,17455.86
68366926,9500,9500,9500,36 months,6.49,291.13,A,A2,Executive manager,10+ years,MORTGAGE,126500,Not Verified,15-Dec,Fully Paid,n,https://lendingclub.com/browse/loanDetail.action?loan_id=68366926,,home_improvement,Home improvement,357xx,AL,8.67,1,10476.038885980699,10476.04,9500,976.04,0,0,0,Feb-19,3.92
68577565,20000,20000,20000,36 months,8.49,631.26,B,B1,registered nurse,10+ years,MORTGAGE,98000,Not Verified,15-Dec,Fully Paid,n,https://lendingclub.com/browse/loanDetail.action?loan_id=68577565,,debt_consolidation,Debt consolidation,551xx,MN,16.7,1,21315.67,21315.67,20000,1315.67,0,0,0,Nov-16,15597.75
68374806,20000,20000,20000,60 months,13.44,459.58,C,C3,teacher,8 years,RENT,59000,Not Verified,15-Dec,Current,n,https://lendingclub.com/browse/loanDetail.action?loan_id=68374806,,credit_card,Credit card refinancing,140xx,NY,26.54,0,18666.71,18666.71,12544.85,6121.86,0,0,0,Feb-19,959.58
68496791,20000,20000,20000,60 months,16.59,492.66,D,D2,IT Consultant,10+ years,MORTGAGE,135000,Source Verified,15-Dec,Charged Off,n,https://lendingclub.com/browse/loanDetail.action?loan_id=68496791,,home_improvement,Home improvement,751xx,TX,26.92,0,8058.51,8058.51,2798.71,3067.13,0,2192.67,394.6806,Jan-17,492.66
68341606,20000,20000,20000,60 months,12.88,453.84,C,C2,Payroll Processor,< 1 year,RENT,65000,Not Verified,15-Dec,Fully Paid,n,https://lendingclub.com/browse/loanDetail.action?loan_id=68341606,,credit_card,,021xx,MA,16.93,0,25917.6366,25917.64,20000,5917.64,0,0,0,Jan-19,10069.02
68366688,25200,25200,25200,60 months,13.44,579.07,C,C3,Information Assurance Manager,2 years,MORTGAGE,78000,Not Verified,15-Dec,Current,n,https://lendingclub.com/browse/loanDetail.action?loan_id=68366688,,credit_card,Credit card refinancing,234xx,VA,20.46,0,22093.69,22093.69,13962.55,8131.14,0,0,0,Mar-19,579.07
68486982,12000,12000,12000,36 months,6.99,370.48,A,A3,Store Manager,10+ years,MORTGAGE,50000,Not Verified,15-Dec,Fully Paid,n,https://lendingclub.com/browse/loanDetail.action?loan_id=68486982,,credit_card,Credit card refinancing,240xx,VA,20.12,0,12984.868203963799,12984.87,12000,984.87,0,0,0,Jul-17,6698.36
68356643,10000,10000,10000,36 months,12.88,336.37,C,C2,Revenue tech,10+ years,MORTGAGE,65000,Source Verified,15-Dec,Fully Paid,n,https://lendingclub.com/browse/loanDetail.action?loan_id=68356643,,debt_consolidation,Debt consolidation,365xx,AL,14.73,0,11952.725404238101,11952.73,10000,1952.73,0,0,0,Apr-18,3225
68577556,12000,12000,12000,60 months,9.8,253.79,B,B3,Business Office Asst,10+ years,MORTGAGE,36500,Not Verified,15-Dec,Fully Paid,n,https://lendingclub.com/browse/loanDetail.action?loan_id=68577556,,debt_consolidation,Debt consolidation,296xx,SC,18.91,0,12964.52,12964.52,12000,964.52,0,0,0,Nov-16,10696.74
68516540,12000,12000,12000,60 months,7.91,242.81,A,A5,Registered Nurse,8 years,MORTGAGE,75000,Not Verified,15-Dec,Fully Paid,n,https://lendingclub.com/browse/loanDetail.action?loan_id=68516540,,debt_consolidation,Debt consolidation,312xx,GA,6.4,0,13274.69279,13274.69,12000,1274.69,0,0,0,Jul-17,9160.1
68426444,6425,6425,6425,36 months,15.77,225.16,D,D1,Laboratory Services Technician,1 year,RENT,41000,Not Verified,15-Dec,Fully Paid,n,https://lendingclub.com/browse/loanDetail.action?loan_id=68426444,,debt_consolidation,Debt consolidation,088xx,NJ,2.87,1,8091.46386,8091.46,6425,1666.46,0,0,0,Jan-19,224.93
68416249,12700,12700,12700,36 months,17.97,458.95,D,D4,Accounting ,3 years,RENT,32760,Not Verified,15-Dec,Fully Paid,n,https://lendingclub.com/browse/loanDetail.action?loan_id=68416249,,debt_consolidation,Debt consolidation,190xx,PA,34.32,0,16490.23149,16490.23,12700,3790.23,0,0,0,Jan-19,458.68
68407065,35000,35000,35000,36 months,13.99,1196.05,C,C4,Teacher,10+ years,OWN,121000,Source Verified,15-Dec,Fully Paid,n,https://lendingclub.com/browse/loanDetail.action?loan_id=68407065,,credit_card,Credit card refinancing,116xx,NY,9.23,0,39285.09897,39285.1,35000,4285.1,0,0,0,Jan-17,26196.56
68376235,16000,16000,16000,60 months,13.44,367.67,C,C3,Lead Medic/Critical Care Paramedic,5 years,MORTGAGE,110000,Source Verified,15-Dec,Current,n,https://lendingclub.com/browse/loanDetail.action?loan_id=68376235,,debt_consolidation,Debt consolidation,617xx,IL,15.82,0,13941.59,13941.59,8866.37,5075.22,0,0,0,Feb-19,367.67
68446507,15000,15000,15000,36 months,13.99,512.6,C,C4,Table Games Supervisor,2 years,OWN,48000,Source Verified,15-Dec,Charged Off,n,https://lendingclub.com/browse/loanDetail.action?loan_id=68446507,,credit_card,Credit card refinancing,890xx,NV,31.29,0,4730.5,4730.5,2812.95,1194.57,0,722.98,130.1364,Sep-16,512.6
68516556,20550,20550,20550,60 months,16.59,506.21,D,D2,Flight Attendant ,10+ years,RENT,60000,Not Verified,15-Dec,Fully Paid,n,https://lendingclub.com/browse/loanDetail.action?loan_id=68516556,,debt_consolidation,Debt consolidation,891xx,NV,26.38,0,21095.58,21095.58,20550,545.58,0,0,0,Mar-16,20636.72
68416685,25000,25000,25000,36 months,6.99,771.82,A,A3,Program Analyst,10+ years,MORTGAGE,127000,Source Verified,15-Dec,Fully Paid,n,https://lendingclub.com/browse/loanDetail.action?loan_id=68416685,,home_improvement,Home improvement,760xx,TX,25.48,1,27799.046051241297,27799.05,25000,2799.05,0,0,0,Nov-18,767.54
68465272,14000,14000,14000,60 months,19.48,366.88,E,E2,foreman pipe fitter ,10+ years,RENT,115000,Source Verified,15-Dec,Fully Paid,n,https://lendingclub.com/browse/loanDetail.action?loan_id=68465272,,debt_consolidation,Debt consolidation,940xx,CA,13.36,0,17138.81239,17138.81,14000,3138.81,0,0,0,May-17,503.5
68446433,16925,16925,16925,60 months,21.48,462.46,E,E5,Executive Assistant,10+ years,RENT,47000,Verified,15-Dec,Charged Off,n,https://lendingclub.com/browse/loanDetail.action?loan_id=68446433,,major_purchase,Major purchase,553xx,MN,22.09,0,16135.61,16135.61,7669.59,8466.02,0,0,0,Dec-18,462.46
68406857,4700,4700,4700,36 months,13.44,159.36,C,C3,Phlebotomist ,3 years,RENT,22000,Verified,15-Dec,Fully Paid,n,https://lendingclub.com/browse/loanDetail.action?loan_id=68406857,,debt_consolidation,Debt consolidation,331xx,FL,17.64,0,5547.1344,5547.13,4700,847.13,0,0,0,Nov-17,14.34
68376738,5000,5000,5000,36 months,8.49,157.82,B,B1,,,OWN,25000,Not Verified,15-Dec,Fully Paid,n,https://lendingclub.com/browse/loanDetail.action?loan_id=68376738,,debt_consolidation,Debt consolidation,416xx,KY,13.63,0,5682.376053,5682.38,5000,682.38,0,0,0,Oct-18,627.42
68406984,12000,12000,12000,36 months,14.85,415.11,C,C5,Business Project Manager,2 years,MORTGAGE,92500,Source Verified,15-Dec,Fully Paid,n,https://lendingclub.com/browse/loanDetail.action?loan_id=68406984,,debt_consolidation,Debt consolidation,302xx,GA,17.66,1,15006.366423481799,15006.37,12000,2944.09,62.28,0,0,Jan-19,439.99
68586526,12000,12000,12000,36 months,9.8,386.09,B,B3,Hvac tech,10+ years,RENT,55000,Source Verified,15-Dec,Fully Paid,n,https://lendingclub.com/browse/loanDetail.action?loan_id=68586526,,debt_consolidation,Debt consolidation,210xx,MD,12.61,1,13612.05943,13612.06,12000,1612.06,0,0,0,Dec-17,5127.5
68606831,15000,15000,15000,36 months,6.99,463.09,A,A3,Head of Corporate Physical Security,1 year,MORTGAGE,117000,Source Verified,15-Dec,Fully Paid,n,https://lendingclub.com/browse/loanDetail.action?loan_id=68606831,,debt_consolidation,Debt consolidation,986xx,WA,4.66,2,16243.310349548601,16243.31,15000,1243.31,0,0,0,Jul-17,7963.75
68416651,4900,4900,4900,36 months,13.44,166.15,C,C3,Project Manager ,2 years,MORTGAGE,123000,Not Verified,15-Dec,Fully Paid,n,https://lendingclub.com/browse/loanDetail.action?loan_id=68416651,,debt_consolidation,Debt consolidation,347xx,FL,25.6,0,5907.311362560999,5907.31,4900,1007.31,0,0,0,May-18,1430.41
68052768,18000,18000,18000,36 months,7.49,559.83,A,A4,Registered Nurse,< 1 year,MORTGAGE,70000,Source Verified,15-Dec,Fully Paid,n,https://lendingclub.com/browse/loanDetail.action?loan_id=68052768,,credit_card,Credit card refinancing,653xx,MO,16.82,1,20135.13032,20135.13,18000,2135.13,0,0,0,Jan-19,559.8
68606890,18000,18000,18000,60 months,14.85,426.81,C,C5,administrative assistant,5 years,RENT,48000,Source Verified,15-Dec,Charged Off,n,https://lendingclub.com/browse/loanDetail.action?loan_id=68606890,,debt_consolidation,Debt consolidation,806xx,CO,19.76,5,8903.52,8903.52,2858.97,2652.44,0,3392.11,610.5798,Feb-17,426.81
68376784,25000,25000,25000,36 months,17.27,894.69,D,D3,Account manager,10+ years,MORTGAGE,120000,Not Verified,15-Dec,Charged Off,n,https://lendingclub.com/browse/loanDetail.action?loan_id=68376784,,debt_consolidation,Debt consolidation,350xx,AL,21.33,2,24138.28,24138.28,15958.13,6337.15,0,1843,331.74,Feb-18,894.69
67675402,15000,15000,15000,36 months,12.88,504.55,C,C2,line leader,10+ years,MORTGAGE,50000,Not Verified,15-Dec,Fully Paid,n,https://lendingclub.com/browse/loanDetail.action?loan_id=67675402,,debt_consolidation,Debt consolidation,490xx,MI,13.92,0,17842.8611,17842.86,15000,2842.86,0,0,0,Feb-18,1241.36
68566571,3600,3600,3600,36 months,11.48,118.68,B,B5,Police Officer,1 year,MORTGAGE,97000,Source Verified,15-Dec,Fully Paid,n,https://lendingclub.com/browse/loanDetail.action?loan_id=68566571,,car,Car financing,610xx,IL,18.93,1,4191.7972420490005,4191.8,3600,591.8,0,0,0,Jan-18,1467.9
68386802,33000,33000,33000,36 months,8.49,1041.58,B,B1,Systems Administrator II,5 years,MORTGAGE,92250,Verified,15-Dec,Fully Paid,n,https://lendingclub.com/browse/loanDetail.action?loan_id=68386802,,other,Other,201xx,VA,20.68,0,37231.942031949504,37231.94,33000,4231.94,0,0,0,May-18,9148.19
68466671,14950,14950,14950,60 months,18.99,387.73,E,E1,electrical lead,10+ years,MORTGAGE,68000,Verified,15-Dec,Fully Paid,n,https://lendingclub.com/browse/loanDetail.action?loan_id=68466671,,debt_consolidation,Debt consolidation,541xx,WI,31.36,1,16091.62,16091.62,14950,1141.62,0,0,0,Jun-16,14580.13
68606857,15000,15000,15000,36 months,12.88,504.55,C,C2,"Associate Director, Info. Management",10+ years,MORTGAGE,154000,Not Verified,15-Dec,Fully Paid,n,https://lendingclub.com/browse/loanDetail.action?loan_id=68606857,,debt_consolidation,Debt consolidation,078xx,NJ,35.77,1,15699.73,15699.73,15000,699.73,0,0,0,May-16,14132.41
68606912,7000,7000,7000,36 months,16.59,248.15,D,D2,Vendor Auditor,2 years,MORTGAGE,30100,Verified,15-Dec,Fully Paid,n,https://lendingclub.com/browse/loanDetail.action?loan_id=68606912,,debt_consolidation,Debt consolidation,453xx,OH,25.68,3,8727.250939,8727.25,7000,1727.25,0,0,0,Feb-18,2571.89
68526678,15000,15000,15000,60 months,16.59,369.49,D,D2,Dispatcher II,10+ years,RENT,35300,Not Verified,15-Dec,Current,n,https://lendingclub.com/browse/loanDetail.action?loan_id=68526678,,debt_consolidation,Debt consolidation,666xx,KS,36.52,1,14006.06,14006.06,8032.19,5973.87,0,0,0,Feb-19,369.49
68585614,35000,35000,35000,36 months,12.88,1177.27,C,C2,Sr Software Eng,4 years,RENT,98000,Source Verified,15-Dec,Fully Paid,n,https://lendingclub.com/browse/loanDetail.action?loan_id=68585614,,debt_consolidation,Debt consolidation,641xx,MO,18.93,0,42318.95087,42318.95,35000,7318.95,0,0,0,Jan-19,1177.11
66624023,8000,8000,8000,36 months,8.49,252.51,B,B1,,,MORTGAGE,58000,Not Verified,15-Dec,Fully Paid,n,https://lendingclub.com/browse/loanDetail.action?loan_id=66624023,,credit_card,Credit card refinancing,924xx,CA,5.9,0,8328.44,8328.44,8000,328.44,0,0,0,Jul-16,7075.32
68356729,20000,20000,20000,36 months,11.99,664.2,C,C1,Driver,8 years,MORTGAGE,40000,Not Verified,15-Dec,Charged Off,n,https://lendingclub.com/browse/loanDetail.action?loan_id=68356729,,credit_card,Credit card refinancing,117xx,NY,22.84,0,13412.95,13412.95,9106.14,2816.15,0,1490.66,268.3188,Jul-17,664.2
68537150,14375,14375,14375,60 months,19.89,379.98,E,E3,Sr Tax Accountant,< 1 year,MORTGAGE,80000,Source Verified,15-Dec,Fully Paid,n,https://lendingclub.com/browse/loanDetail.action?loan_id=68537150,,debt_consolidation,Debt consolidation,760xx,TX,37.32,0,14863.97,14863.97,14375,488.97,0,0,0,Mar-16,14523.7
68406791,21000,21000,21000,36 months,9.17,669.46,B,B2,Paint and Body technician ,< 1 year,MORTGAGE,85000,Not Verified,15-Dec,Fully Paid,n,https://lendingclub.com/browse/loanDetail.action?loan_id=68406791,,debt_consolidation,Debt consolidation,019xx,MA,10.51,0,23413.65959,23413.66,21000,2413.66,0,0,0,Sep-17,10720.67
68534381,3700,3700,3700,36 months,12.88,124.46,C,C2,warehouse reciever/ lead,10+ years,OWN,65000,Source Verified,15-Dec,Fully Paid,n,https://lendingclub.com/browse/loanDetail.action?loan_id=68534381,,debt_consolidation,Debt consolidation,244xx,VA,20.81,1,4489.560178,4489.56,3700,789.56,0,0,0,Jan-19,124.2
68386814,8400,8400,8400,36 months,9.17,267.79,B,B2,Technical manager,10+ years,RENT,85000,Not Verified,15-Dec,Charged Off,n,https://lendingclub.com/browse/loanDetail.action?loan_id=68386814,,credit_card,Credit card refinancing,030xx,NH,26.77,1,7195.05,7195.05,5751.32,1293.73,150,0,0,Aug-18,282.79
67476662,7200,7200,7200,36 months,11.48,237.36,B,B5,Teller,1 year,RENT,22000,Not Verified,15-Dec,Fully Paid,n,https://lendingclub.com/browse/loanDetail.action?loan_id=67476662,,debt_consolidation,Debt consolidation,786xx,TX,23.57,0,8504.896233,8504.9,7200,1304.9,0,0,0,Aug-18,1395.58
67918929,16800,16800,16800,36 months,8.49,530.26,B,B1,Director of Admissions,8 years,MORTGAGE,85400,Not Verified,15-Dec,Fully Paid,n,https://lendingclub.com/browse/loanDetail.action?loan_id=67918929,,debt_consolidation,Debt consolidation,181xx,PA,17.27,0,17686.41,17686.41,16800,886.41,0,0,0,Sep-16,13994.4
68587465,9000,9000,9000,36 months,5.32,271.04,A,A1,Financial Advisor,7 years,MORTGAGE,150000,Not Verified,15-Dec,Fully Paid,n,https://lendingclub.com/browse/loanDetail.action?loan_id=68587465,,major_purchase,Major purchase,968xx,HI,0.63,0,9079.21,9079.21,9000,79.21,0,0,0,Mar-16,6814.82
68526718,6000,6000,6000,36 months,13.99,205.04,C,C4,A/C Technician,6 years,MORTGAGE,43700,Verified,15-Dec,Fully Paid,n,https://lendingclub.com/browse/loanDetail.action?loan_id=68526718,,home_improvement,Home improvement,329xx,FL,31.87,1,7329.226478,7329.23,6000,1329.23,0,0,0,Jul-18,1394.73
68486915,34000,34000,34000,36 months,10.78,1109.58,B,B4,Clinical Documentation Specialist,7 years,RENT,76497,Verified,15-Dec,Fully Paid,n,https://lendingclub.com/browse/loanDetail.action?loan_id=68486915,,debt_consolidation,Debt consolidation,891xx,NV,13.32,0,39686.531187875604,39686.53,34000,5686.53,0,0,0,Jul-18,6541.67
68526576,20000,20000,20000,60 months,11.99,444.79,C,C1,Police Officer,10+ years,MORTGAGE,67000,Not Verified,15-Dec,Current,n,https://lendingclub.com/browse/loanDetail.action?loan_id=68526576,,debt_consolidation,Debt consolidation,185xx,PA,6.52,0,16868.71,16868.71,11254.6,5614.11,0,0,0,Feb-19,444.79
68615371,16000,16000,16000,36 months,12.88,538.18,C,C2,SR. Analyst,10+ years,MORTGAGE,91000,Source Verified,15-Dec,Charged Off,n,https://lendingclub.com/browse/loanDetail.action?loan_id=68615371,,debt_consolidation,Debt consolidation,070xx,NJ,11.78,3,6967.72,6967.72,5083,1884.72,0,0,0,Feb-17,538.18
68546420,11200,11200,11200,36 months,8.49,353.51,B,B1, Equipment operator ,10+ years,MORTGAGE,70000,Not Verified,15-Dec,Fully Paid,n,https://lendingclub.com/browse/loanDetail.action?loan_id=68546420,,debt_consolidation,Debt consolidation,027xx,MA,15.88,1,12712.92639,12712.93,11200,1512.93,0,0,0,Jan-19,353.29
66520372,21000,21000,21000,60 months,18.49,538.88,D,D5,Commander /03,10+ years,MORTGAGE,95000,Not Verified,15-Dec,Current,n,https://lendingclub.com/browse/loanDetail.action?loan_id=66520372,,debt_consolidation,Debt consolidation,765xx,TX,34.84,1,20802.26,20802.26,11394.74,9407.52,0,0,0,Mar-19,538.88
67466859,16000,16000,16000,60 months,12.88,363.07,C,C2,Teacher,10+ years,MORTGAGE,65000,Verified,15-Dec,Current,n,https://lendingclub.com/browse/loanDetail.action?loan_id=67466859,,credit_card,Credit card refinancing,493xx,MI,39.56,0,13853.9,13853.9,8908.57,4945.33,0,0,0,Mar-19,363.07
68407083,6000,6000,6000,36 months,7.91,187.77,A,A5,Mortician,10+ years,MORTGAGE,50000,Not Verified,15-Dec,Fully Paid,n,https://lendingclub.com/browse/loanDetail.action?loan_id=68407083,,debt_consolidation,Debt consolidation,404xx,KY,19.42,0,6237.2,6237.2,6000,237.2,0,0,0,Jul-16,5304.94
68577519,9100,9100,9100,36 months,6.49,278.87,A,A2,Lean Manger,4 years,RENT,84000,Not Verified,15-Dec,Fully Paid,n,https://lendingclub.com/browse/loanDetail.action?loan_id=68577519,,credit_card,Credit card refinancing,454xx,OH,15.57,0,9998.310398,9998.31,9100,898.31,0,0,0,Jun-18,2198.15
68616757,10000,10000,10000,36 months,6.99,308.73,A,A3,foodservice manager,10+ years,MORTGAGE,60000,Not Verified,15-Dec,Fully Paid,n,https://lendingclub.com/browse/loanDetail.action?loan_id=68616757,,other,Other,377xx,TN,29.15,0,10818.682012700001,10818.68,10000,818.68,0,0,0,Jul-17,5579.98
67808313,28000,28000,28000,60 months,10.78,605.73,B,B4,Process Facility Engineer,3 years,MORTGAGE,135000,Verified,15-Dec,Late (31-120 days),n,https://lendingclub.com/browse/loanDetail.action?loan_id=67808313,,debt_consolidation,Debt consolidation,456xx,OH,26.15,0,21221.47,21221.47,14491.41,6730.06,0,0,0,Dec-18,668.57
68396002,30000,30000,30000,60 months,27.49,924.87,G,G2,Service Technian Lead,1 year,MORTGAGE,115000,Verified,15-Dec,Charged Off,n,https://lendingclub.com/browse/loanDetail.action?loan_id=68396002,,other,Other,805xx,CO,17.73,0,13015.23,13015.23,2934.76,7124.27,0,2956.2,532.116,Dec-16,924.87
68577456,8450,8450,8450,36 months,11.99,280.63,C,C1,Shipping & Receiving,10+ years,RENT,37380,Not Verified,15-Dec,Fully Paid,n,https://lendingclub.com/browse/loanDetail.action?loan_id=68577456,,debt_consolidation,Debt consolidation,286xx,NC,15.09,0,9940.878091,9940.88,8450,1490.88,0,0,0,Mar-18,2939.2
68537123,8775,8775,8775,36 months,22.45,337.17,F,F1,Service Rep,10+ years,RENT,75000,Source Verified,15-Dec,Fully Paid,n,https://lendingclub.com/browse/loanDetail.action?loan_id=68537123,,credit_card,Credit card refinancing,308xx,GA,20.37,0,9369.55,9369.55,8775,594.55,0,0,0,Apr-16,8717.1
68506560,6000,6000,6000,36 months,5.32,180.69,A,A1,Engineering Manager,5 years,MORTGAGE,72000,Source Verified,15-Dec,Fully Paid,n,https://lendingclub.com/browse/loanDetail.action?loan_id=68506560,,debt_consolidation,Debt consolidation,774xx,TX,17.08,1,6499.9071,6499.91,6000,499.91,0,0,0,Dec-18,360.88
68416683,10000,10000,10000,36 months,5.32,301.15,A,A1,letter carrier,10+ years,MORTGAGE,75000,Source Verified,15-Dec,Fully Paid,n,https://lendingclub.com/browse/loanDetail.action?loan_id=68416683,,debt_consolidation,Debt consolidation,820xx,WY,5.17,0,10256.41,10256.41,10000,256.41,0,0,0,Jul-16,8758.05
68486957,10000,10000,10000,36 months,15.77,350.44,D,D1,General Manager,4 years,RENT,128000,Verified,15-Dec,Charged Off,n,https://lendingclub.com/browse/loanDetail.action?loan_id=68486957,,debt_consolidation,Debt consolidation,953xx,CA,36.23,1,2634.1,2634.1,1124.28,606.02,0,903.8,162.684,Jun-16,350.44
68514937,7200,7200,7200,36 months,17.27,257.67,D,D3,Part-time Supervisor ,3 years,RENT,22000,Verified,15-Dec,Fully Paid,n,https://lendingclub.com/browse/loanDetail.action?loan_id=68514937,,debt_consolidation,Debt consolidation,210xx,MD,38.63,0,9002.842001,9002.84,7200,1802.84,0,0,0,Jan-18,3093.7
68547344,20000,20000,20000,60 months,14.85,474.23,C,C5,Accounting Manager,5 years,OWN,75000,Not Verified,15-Dec,Fully Paid,n,https://lendingclub.com/browse/loanDetail.action?loan_id=68547344,,debt_consolidation,Debt consolidation,914xx,CA,18.76,0,25615.422648670497,25615.42,20000,5615.42,0,0,0,Apr-18,13326.69
68376788,20000,20000,20000,36 months,9.17,637.58,B,B2,service advisor ,2 years,RENT,95750,Source Verified,15-Dec,Charged Off,n,https://lendingclub.com/browse/loanDetail.action?loan_id=68376788,,debt_consolidation,Debt consolidation,329xx,FL,19.14,1,7331.69,7331.69,4498.47,1290.69,0,1542.53,277.6554,Oct-16,637.58
68356655,5000,5000,5000,36 months,5.32,150.58,A,A1,Senior Buyer,8 years,MORTGAGE,130000,Not Verified,15-Dec,Fully Paid,n,https://lendingclub.com/browse/loanDetail.action?loan_id=68356655,,debt_consolidation,Debt consolidation,926xx,CA,10.44,0,5210.03612,5210.04,5000,210.04,0,0,0,Jan-17,2557.35
68506603,15000,15000,15000,60 months,9.8,317.24,B,B3,Exec. Administrative,< 1 year,MORTGAGE,35179,Not Verified,15-Dec,Charged Off,n,https://lendingclub.com/browse/loanDetail.action?loan_id=68506603,,debt_consolidation,Debt consolidation,814xx,CO,23.47,0,1565.78,1565.78,989.73,576.05,0,0,0,Jun-16,317.24
68366599,23950,23950,23950,36 months,17.97,865.49,D,D4,SALES MANAGER,3 years,RENT,160000,Verified,15-Dec,Charged Off,n,https://lendingclub.com/browse/loanDetail.action?loan_id=68366599,,credit_card,Credit card refinancing,193xx,PA,18.41,0,3638.63,3638.63,0,0,43.27,3595.36,647.1648,Mar-16,100
68356727,15000,15000,15000,36 months,10.78,489.52,B,B4,Cheif Electronic Tech ,10+ years,MORTGAGE,160000,Not Verified,15-Dec,Fully Paid,n,https://lendingclub.com/browse/loanDetail.action?loan_id=68356727,,debt_consolidation,Debt consolidation,325xx,FL,24.79,0,17360.704246396002,17360.7,15000,2360.7,0,0,0,Feb-18,5634.68
68536969,2250,2250,2250,36 months,8.49,71.02,B,B1,PTC Support,< 1 year,MORTGAGE,60000,Source Verified,15-Dec,Fully Paid,n,https://lendingclub.com/browse/loanDetail.action?loan_id=68536969,,credit_card,Credit card refinancing,463xx,IN,16.88,0,2433.169386,2433.17,2250,183.17,0,0,0,Feb-17,1575.63
68613885,14000,14000,14000,36 months,13.44,474.69,C,C3,manager,1 year,MORTGAGE,40000,Not Verified,15-Dec,Fully Paid,n,https://lendingclub.com/browse/loanDetail.action?loan_id=68613885,,debt_consolidation,Debt consolidation,707xx,LA,37.39,0,17062.61462,17062.61,14000,3062.61,0,0,0,Jan-19,474.59
68514503,14000,14000,14000,36 months,12.88,470.91,C,C2,Sales Account Rep,2 years,RENT,80000,Source Verified,15-Dec,Charged Off,n,https://lendingclub.com/browse/loanDetail.action?loan_id=68514503,,debt_consolidation,Debt consolidation,902xx,CA,5.04,0,10337.62,10337.62,7110.86,2286.96,0,939.8,169.16400000000002,Sep-17,470.91
68496864,18000,18000,18000,36 months,7.49,559.83,A,A4,Sr. Designer,3 years,MORTGAGE,83000,Source Verified,15-Dec,Fully Paid,n,https://lendingclub.com/browse/loanDetail.action?loan_id=68496864,,debt_consolidation,Debt consolidation,236xx,VA,7.93,0,20108.50247,20108.5,18000,2108.5,0,0,0,Jan-19,497.74
67969431,12000,12000,12000,36 months,5.32,361.38,A,A1,Executive Steward,3 years,MORTGAGE,72500,Not Verified,15-Dec,Fully Paid,n,https://lendingclub.com/browse/loanDetail.action?loan_id=67969431,,other,Other,209xx,MD,2.71,0,12480.55,12480.55,12000,480.55,0,0,0,Nov-16,9237
68526434,5600,5600,5600,36 months,10.78,182.76,B,B4,Department manager,10+ years,OWN,46000,Source Verified,15-Dec,Fully Paid,n,https://lendingclub.com/browse/loanDetail.action?loan_id=68526434,,credit_card,Credit card refinancing,217xx,MD,13.18,0,6294.326006,6294.33,5600,694.33,0,0,0,Jun-17,3362.68
68052879,35000,35000,35000,36 months,16.59,1240.72,D,D2,Certified Teacher,1 year,RENT,83000,Verified,15-Dec,Fully Paid,n,https://lendingclub.com/browse/loanDetail.action?loan_id=68052879,,debt_consolidation,Debt consolidation,922xx,CA,25.52,0,44674.06559,44674.07,35000,9674.07,0,0,0,Jan-19,1248.88
68342980,8000,8000,8000,36 months,12.88,269.09,C,C2,admin//qa,3 years,RENT,43500,Source Verified,15-Dec,Charged Off,n,https://lendingclub.com/browse/loanDetail.action?loan_id=68342980,,other,Other,310xx,GA,22.48,0,2349.08,2349.08,1129.26,508.88,0,710.94,127.9692,Jul-16,307
68366762,2400,2400,2400,36 months,13.44,81.38,C,C3,Logistics,3 years,RENT,26000,Source Verified,15-Dec,Fully Paid,n,https://lendingclub.com/browse/loanDetail.action?loan_id=68366762,,debt_consolidation,Debt consolidation,981xx,WA,16.39,0,2901.460116,2901.46,2400,501.46,0,0,0,Oct-18,61.78
68445172,35000,35000,35000,36 months,17.27,1252.56,D,D3,irrigation technician,< 1 year,MORTGAGE,98000,Source Verified,15-Dec,Fully Paid,n,https://lendingclub.com/browse/loanDetail.action?loan_id=68445172,,debt_consolidation,Debt consolidation,342xx,FL,19.74,0,45024.70343,45024.7,35000,10024.7,0,0,0,Jan-19,1252.26
68072793,35000,35000,35000,60 months,10.78,757.16,B,B4,National Sales Manager,10+ years,MORTGAGE,140000,Verified,15-Dec,Current,n,https://lendingclub.com/browse/loanDetail.action?loan_id=68072793,,credit_card,Credit card refinancing,284xx,NC,16.46,0,26951.36,26951.36,18114.15,8837.21,0,0,0,Feb-19,757.16
68587393,7000,7000,7000,36 months,12.88,235.46,C,C2,BILLING REPRESENTATIVE,10+ years,OWN,55000,Source Verified,15-Dec,Fully Paid,n,https://lendingclub.com/browse/loanDetail.action?loan_id=68587393,,other,Other,850xx,AZ,37.22,0,8463.746197,8463.75,7000,1463.75,0,0,0,Jan-19,235.17
68476416,8000,8000,8000,36 months,11.99,265.68,C,C1,Manufacturing associate,2 years,OWN,23200,Verified,15-Dec,Fully Paid,n,https://lendingclub.com/browse/loanDetail.action?loan_id=68476416,,debt_consolidation,Debt consolidation,974xx,OR,33.78,0,9550.999371,9551,8000,1551,0,0,0,Jan-19,265.52
68516502,6125,6125,6125,36 months,17.27,219.2,D,D3,High Voltage Electrician/Plant Engineer,4 years,RENT,70000,Source Verified,15-Dec,Fully Paid,n,https://lendingclub.com/browse/loanDetail.action?loan_id=68516502,,debt_consolidation,Debt consolidation,142xx,NY,17.36,0,7698.867331487099,7698.87,6125,1573.87,0,0,0,Mar-18,52.76
68616394,10400,10400,10400,36 months,13.44,352.63,C,C3,Senior Director,10+ years,MORTGAGE,150000,Verified,15-Dec,Charged Off,n,https://lendingclub.com/browse/loanDetail.action?loan_id=68616394,,debt_consolidation,Debt consolidation,631xx,MO,18.51,1,10784,10784,8099.76,2332.77,52.89,298.58,53.7444,Oct-18,564.21
68586405,30000,30000,30000,36 months,7.91,938.85,A,A5,District Manager,5 years,MORTGAGE,134000,Not Verified,15-Dec,Fully Paid,n,https://lendingclub.com/browse/loanDetail.action?loan_id=68586405,,debt_consolidation,Debt consolidation,358xx,AL,17.1,0,32926.34985,32926.35,30000,2926.35,0,0,0,Aug-17,16060.01
68394820,4000,4000,4000,36 months,14.85,138.37,C,C5,CNA,5 years,MORTGAGE,30000,Not Verified,15-Dec,Fully Paid,n,https://lendingclub.com/browse/loanDetail.action?loan_id=68394820,,debt_consolidation,Debt consolidation,601xx,IL,8.18,1,4763.999529530201,4764,4000,764,0,0,0,Aug-17,1757.39
68537225,10000,10000,10000,36 months,10.78,326.35,B,B4,Pharmacist,10+ years,MORTGAGE,125000,Not Verified,15-Dec,Fully Paid,n,https://lendingclub.com/browse/loanDetail.action?loan_id=68537225,,debt_consolidation,Debt consolidation,347xx,FL,19.92,1,11465.469287441001,11465.47,10000,1465.47,0,0,0,Nov-17,4627.09
68355715,16000,16000,16000,36 months,7.91,500.72,A,A5,lead operator,< 1 year,MORTGAGE,50000,Not Verified,15-Dec,Fully Paid,n,https://lendingclub.com/browse/loanDetail.action?loan_id=68355715,,debt_consolidation,Debt consolidation,401xx,KY,24.41,0,17445.36198,17445.36,16000,1445.36,0,0,0,May-17,9899.41
68464432,24000,24000,24000,60 months,17.27,599.96,D,D3,Special Education Teacher,10+ years,MORTGAGE,67000,Not Verified,15-Dec,Charged Off,n,https://lendingclub.com/browse/loanDetail.action?loan_id=68464432,,home_improvement,Home improvement,130xx,NY,29.07,4,19864.33,19864.33,10650.63,9213.7,0,0,0,Oct-18,599.96
68338713,19225,19225,19225,60 months,26.99,586.93,G,G1,OTR Truck Driver,< 1 year,MORTGAGE,56600,Verified,15-Dec,Charged Off,n,https://lendingclub.com/browse/loanDetail.action?loan_id=68338713,,debt_consolidation,,451xx,OH,18.21,0,14014.25,14014.25,4846.64,9167.61,0,0,0,Jan-18,586.93
68386849,13000,13000,13000,60 months,12.88,295,C,C2,Sr. Ops Coordinator,5 years,MORTGAGE,130000,Not Verified,15-Dec,Charged Off,n,https://lendingclub.com/browse/loanDetail.action?loan_id=68386849,,home_improvement,Home improvement,740xx,OK,5.51,0,9711.74,9711.74,6117.56,3594.18,0,0,0,Oct-18,295
68416594,16800,16800,16800,60 months,9.17,350.13,B,B2,Public Services Librarian,7 years,MORTGAGE,52000,Not Verified,15-Dec,Current,n,https://lendingclub.com/browse/loanDetail.action?loan_id=68416594,,debt_consolidation,Debt consolidation,441xx,OH,28.96,0,13283.54,13283.54,9734.7,3548.84,0,0,0,Feb-19,350.13
68356739,2000,2000,2000,36 months,6.49,61.29,A,A2,GIS Specialist,3 years,OWN,35037,Not Verified,15-Dec,Fully Paid,n,https://lendingclub.com/browse/loanDetail.action?loan_id=68356739,,credit_card,Credit card refinancing,212xx,MD,8.51,0,2204.596529,2204.6,2000,204.6,0,0,0,Jan-19,61.25
66603901,19200,19200,19200,36 months,5.32,578.21,A,A1,Truck driver,< 1 year,MORTGAGE,50000,Source Verified,15-Dec,Fully Paid,n,https://lendingclub.com/browse/loanDetail.action?loan_id=66603901,,debt_consolidation,Debt consolidation,293xx,SC,19.24,0,20801.12861,20801.13,19200,1601.13,0,0,0,Jan-19,577.97
66340149,10000,10000,10000,60 months,13.44,229.79,C,C3,General Manager,10+ years,RENT,140000,Source Verified,15-Dec,Fully Paid,n,https://lendingclub.com/browse/loanDetail.action?loan_id=66340149,,debt_consolidation,Debt consolidation,925xx,CA,9.99,0,12786.95362,12786.95,10000,2786.95,0,0,0,Aug-18,5911.92
68496775,35000,35000,35000,36 months,7.91,1095.33,A,A5,agent,4 years,MORTGAGE,165000,Source Verified,15-Dec,Fully Paid,n,https://lendingclub.com/browse/loanDetail.action?loan_id=68496775,,debt_consolidation,Debt consolidation,112xx,NY,18.89,0,39391.59987,39391.6,35000,4391.6,0,0,0,Dec-18,2188.83
68396654,15000,15000,15000,36 months,12.88,504.55,C,C2,Area Manager,10+ years,MORTGAGE,60000,Not Verified,15-Dec,Fully Paid,n,https://lendingclub.com/browse/loanDetail.action?loan_id=68396654,,debt_consolidation,Debt consolidation,351xx,AL,36.4,0,18136.652298508998,18136.65,15000,3136.65,0,0,0,Jan-19,504.23
68426569,35000,35000,35000,36 months,15.77,1226.53,D,D1,Registered Nurse,< 1 year,RENT,84468,Source Verified,15-Dec,Fully Paid,n,https://lendingclub.com/browse/loanDetail.action?loan_id=68426569,,debt_consolidation,Debt consolidation,287xx,NC,16.85,1,41672.09751,41672.1,35000,6549.44,122.66,0,0,Jun-17,21917.85
68577530,18000,18000,18000,36 months,8.49,568.14,B,B1,General Manager,< 1 year,RENT,55000,Source Verified,15-Dec,Fully Paid,n,https://lendingclub.com/browse/loanDetail.action?loan_id=68577530,,credit_card,Credit card refinancing,453xx,OH,27.17,0,20400.55614,20400.56,18000,2400.56,0,0,0,Aug-18,563.63
68466644,8000,8000,8000,36 months,9.8,257.39,B,B3,driver ,6 years,RENT,40000,Not Verified,15-Dec,Charged Off,n,https://lendingclub.com/browse/loanDetail.action?loan_id=68466644,,debt_consolidation,Debt consolidation,945xx,CA,25.15,0,6562.06,6562.06,5069.33,1097.14,0,395.59,71.2062,Jan-18,257.39
68356682,15000,15000,15000,60 months,12.88,340.38,C,C2,Credit Reager,10+ years,OWN,50000,Not Verified,15-Dec,Fully Paid,n,https://lendingclub.com/browse/loanDetail.action?loan_id=68356682,,debt_consolidation,Debt consolidation,852xx,AZ,30.08,0,16268.93,16268.93,15000,1268.93,0,0,0,Sep-16,13913.1
68547298,17400,17400,17400,60 months,8.49,356.91,B,B1,Owner,10+ years,MORTGAGE,175000,Source Verified,15-Dec,Fully Paid,n,https://lendingclub.com/browse/loanDetail.action?loan_id=68547298,,debt_consolidation,Debt consolidation,973xx,OR,7.04,0,19748.54266,19748.54,17400,2348.54,0,0,0,Nov-17,12273.95
68516537,35000,35000,35000,36 months,11.99,1162.34,C,C1,Assistant Vice President,10+ years,MORTGAGE,156000,Verified,15-Dec,Fully Paid,n,https://lendingclub.com/browse/loanDetail.action?loan_id=68516537,,credit_card,Credit card refinancing,373xx,TN,14.98,0,40127.934806072204,40127.93,35000,5127.93,0,0,0,Aug-17,19264.09
68356714,12000,12000,12000,36 months,9.17,382.55,B,B2,Senior Associate,3 years,RENT,100000,Source Verified,15-Dec,Fully Paid,n,https://lendingclub.com/browse/loanDetail.action?loan_id=68356714,,debt_consolidation,Debt consolidation,601xx,IL,12.13,0,13756.39386,13756.39,12000,1756.39,0,0,0,Jan-19,382.42
68386821,24000,24000,24000,36 months,9.17,765.1,B,B2,teacher/school employee,10+ years,RENT,66000,Verified,15-Dec,Fully Paid,n,https://lendingclub.com/browse/loanDetail.action?loan_id=68386821,,debt_consolidation,Debt consolidation,925xx,CA,23.98,1,26787.93193,26787.93,24000,2787.93,0,0,0,Sep-17,12281.6
68406994,8000,8000,8000,36 months,7.91,250.36,A,A5,Designer/Programmer,5 years,OWN,66500,Verified,15-Dec,Fully Paid,n,https://lendingclub.com/browse/loanDetail.action?loan_id=68406994,,home_improvement,Home improvement,773xx,TX,29.22,0,8910.468967,8910.47,8000,910.47,0,0,0,Feb-18,2910.62
68356724,16775,16775,16775,60 months,19.89,443.41,E,E3,Media Operations Manager,1 year,MORTGAGE,74000,Verified,15-Dec,Fully Paid,n,https://lendingclub.com/browse/loanDetail.action?loan_id=68356724,,debt_consolidation,Debt consolidation,300xx,GA,29.91,0,20019.12011,20019.12,16775,3244.12,0,0,0,Jan-17,15187.95
66590964,8000,8000,8000,36 months,8.49,252.51,B,B1,Truck Driver,3 years,MORTGAGE,48000,Not Verified,15-Dec,Fully Paid,n,https://lendingclub.com/browse/loanDetail.action?loan_id=66590964,,credit_card,Credit card refinancing,850xx,AZ,15.15,0,9039.501466002299,9039.5,8000,1039.5,0,0,0,Jul-18,1488.73
68436430,21000,21000,21000,36 months,10.78,685.33,B,B4,Problem Manager Level 2,< 1 year,MORTGAGE,100000,Not Verified,15-Dec,Fully Paid,n,https://lendingclub.com/browse/loanDetail.action?loan_id=68436430,,debt_consolidation,Debt consolidation,801xx,CO,29.75,0,22734.71,22734.71,21000,1734.71,0,0,0,Nov-16,16598.18
68453284,20000,20000,20000,60 months,13.44,459.58,C,C3,It director,2 years,MORTGAGE,150000,Not Verified,15-Dec,Current,n,https://lendingclub.com/browse/loanDetail.action?loan_id=68453284,,other,Other,336xx,FL,5.73,1,17441.64,17441.64,11082.6,6359.04,0,0,0,Mar-19,459.58
68577623,10000,10000,10000,36 months,12.88,336.37,C,C2,Fire Chief,< 1 year,MORTGAGE,113000,Source Verified,15-Dec,Fully Paid,n,https://lendingclub.com/browse/loanDetail.action?loan_id=68577623,,credit_card,Credit card refinancing,974xx,OR,21.59,0,10686.86,10686.86,10000,686.86,0,0,0,Aug-16,8686.53
68446401,6000,6000,6000,36 months,7.91,187.77,A,A5,Benefits Subject Matter Expert,< 1 year,MORTGAGE,81120,Not Verified,15-Dec,Fully Paid,n,https://lendingclub.com/browse/loanDetail.action?loan_id=68446401,,debt_consolidation,Debt consolidation,277xx,NC,18.45,0,6730.577047,6730.58,6000,730.58,0,0,0,Jul-18,1291.84
67206595,6000,6000,6000,36 months,18.49,218.4,D,D5,,,MORTGAGE,54744,Verified,15-Dec,Fully Paid,n,https://lendingclub.com/browse/loanDetail.action?loan_id=67206595,,debt_consolidation,Debt consolidation,070xx,NJ,23.96,1,7259.711201,7259.71,6000,1259.71,0,0,0,Jul-17,27.49
68434983,8400,8400,8400,36 months,11.48,276.92,B,B5,Customer advocate,< 1 year,RENT,80000,Source Verified,15-Dec,Fully Paid,n,https://lendingclub.com/browse/loanDetail.action?loan_id=68434983,,credit_card,Credit card refinancing,146xx,NY,13.92,0,8511.45,8511.45,8400,111.45,0,0,0,Feb-16,8524.84
68366679,10000,10000,10000,60 months,12.88,226.92,C,C2,teacher aid,10+ years,RENT,33000,Not Verified,15-Dec,Fully Paid,n,https://lendingclub.com/browse/loanDetail.action?loan_id=68366679,,credit_card,Credit card refinancing,968xx,HI,23.23,1,12602.2612,12602.26,10000,2602.26,0,0,0,Jul-18,6039.47
68577614,6000,6000,6000,36 months,9.17,191.28,B,B2,Controller honduras,2 years,OWN,72000,Not Verified,15-Dec,Fully Paid,n,https://lendingclub.com/browse/loanDetail.action?loan_id=68577614,,credit_card,Credit card refinancing,805xx,CO,2.8,0,6677.350974,6677.35,6000,677.35,0,0,0,Aug-17,3240.43
68564481,20000,20000,20000,36 months,8.49,631.26,B,B1,Executive Chef,10+ years,RENT,70000,Source Verified,15-Dec,Fully Paid,n,https://lendingclub.com/browse/loanDetail.action?loan_id=68564481,,credit_card,Credit card refinancing,100xx,NY,12.51,0,22492.94261,22492.94,20000,2492.94,0,0,0,Mar-18,6735.02
68416579,4600,4600,4600,36 months,11.99,152.77,C,C1,,,RENT,14688,Verified,15-Dec,Fully Paid,n,https://lendingclub.com/browse/loanDetail.action?loan_id=68416579,,credit_card,Credit card refinancing,333xx,FL,14.79,0,5498.248781160601,5498.25,4600,898.25,0,0,0,Dec-18,304.07
68340648,20000,20000,20000,36 months,17.27,715.75,D,D3,Electrician,10+ years,MORTGAGE,50000,Not Verified,15-Dec,Fully Paid,n,https://lendingclub.com/browse/loanDetail.action?loan_id=68340648,,other,,283xx,NC,33.75,0,25718.7935,25718.79,20000,5718.79,0,0,0,Jan-19,715.51
68052883,15000,15000,15000,36 months,9.17,478.19,B,B2,Customer Service Manager,2 years,RENT,48112,Not Verified,15-Dec,Fully Paid,n,https://lendingclub.com/browse/loanDetail.action?loan_id=68052883,,credit_card,Credit card refinancing,951xx,CA,31.62,1,17195.47918,17195.48,15000,2195.48,0,0,0,Jan-19,477.93
68465033,12000,12000,12000,36 months,12.88,403.64,C,C2,server,4 years,MORTGAGE,40000,Not Verified,15-Dec,Fully Paid,n,https://lendingclub.com/browse/loanDetail.action?loan_id=68465033,,debt_consolidation,Debt consolidation,852xx,AZ,23.98,0,14370.9047,14370.9,12000,2370.9,0,0,0,May-18,3494.09
68587366,5000,5000,5000,36 months,10.78,163.18,B,B4,Reliability Mechanic,10+ years,OWN,75000,Source Verified,15-Dec,Fully Paid,n,https://lendingclub.com/browse/loanDetail.action?loan_id=68587366,,debt_consolidation,Debt consolidation,280xx,NC,16.7,0,5388.04,5388.04,5000,388.04,0,0,0,Oct-16,4090.09
66624075,6000,6000,6000,36 months,10.78,195.81,B,B4,Procurement ,< 1 year,MORTGAGE,57000,Source Verified,15-Dec,Fully Paid,n,https://lendingclub.com/browse/loanDetail.action?loan_id=66624075,,debt_consolidation,Debt consolidation,211xx,MD,18.34,2,7038.634405,7038.63,6000,1038.63,0,0,0,Dec-18,390.07
68445725,10050,10050,10050,60 months,17.27,251.23,D,D3,Library Associate,10+ years,RENT,34000,Not Verified,15-Dec,Current,n,https://lendingclub.com/browse/loanDetail.action?loan_id=68445725,,credit_card,Credit card refinancing,432xx,OH,18.6,0,9526.41,9526.41,5339.49,4186.92,0,0,0,Mar-19,251.23
68416619,6000,6000,6000,36 months,5.32,180.69,A,A1,Supervisor,10+ years,RENT,43000,Source Verified,15-Dec,Fully Paid,n,https://lendingclub.com/browse/loanDetail.action?loan_id=68416619,,debt_consolidation,Debt consolidation,131xx,NY,20.37,0,6296.5320584558995,6296.53,6000,296.53,0,0,0,Feb-17,4132.68
68385791,28000,28000,28000,60 months,20.5,749.65,E,E4,Engineer Instructor,10+ years,RENT,84000,Source Verified,15-Dec,Charged Off,n,https://lendingclub.com/browse/loanDetail.action?loan_id=68385791,,debt_consolidation,Debt consolidation,922xx,CA,37.26,0,20130.38,20130.38,7538.99,9623.24,37.48,2930.67,527.5206,Dec-17,749.65
68386842,15000,15000,15000,36 months,5.32,451.73,A,A1,teacher assistant,3 years,OWN,81000,Not Verified,15-Dec,Fully Paid,n,https://lendingclub.com/browse/loanDetail.action?loan_id=68386842,,credit_card,Credit card refinancing,752xx,TX,16.95,0,16250.87756,16250.88,15000,1250.88,0,0,0,Jan-19,451.41
68425549,10500,10500,10500,36 months,8.49,331.42,B,B1,Project Manager,10+ years,MORTGAGE,168400,Verified,15-Dec,Fully Paid,n,https://lendingclub.com/browse/loanDetail.action?loan_id=68425549,,other,Other,757xx,TX,27.58,0,11918.35171,11918.35,10500,1418.35,0,0,0,Jan-19,331.03
66433932,10000,10000,10000,36 months,13.44,339.07,C,C3,MHW2,3 years,MORTGAGE,34000,Source Verified,15-Dec,Fully Paid,n,https://lendingclub.com/browse/loanDetail.action?loan_id=66433932,,debt_consolidation,Debt consolidation,018xx,MA,11.19,0,12187.53021,12187.53,10000,2187.53,0,0,0,Jan-19,338.75
66220950,3600,3600,3600,36 months,7.49,111.97,A,A4,Accounts Receivable Manager,< 1 year,MORTGAGE,62000,Not Verified,15-Dec,Fully Paid,n,https://lendingclub.com/browse/loanDetail.action?loan_id=66220950,,debt_consolidation,Debt consolidation,481xx,MI,22.42,0,3694.23,3694.23,3600,94.23,0,0,0,May-16,3362.06
68356738,10000,10000,10000,36 months,11.48,329.67,B,B5,Accounting Assistant,10+ years,MORTGAGE,72000,Not Verified,15-Dec,Fully Paid,n,https://lendingclub.com/browse/loanDetail.action?loan_id=68356738,,other,Other,201xx,VA,26.9,0,11858.19063,11858.19,10000,1858.19,0,0,0,Jan-19,331.3
68587377,30000,30000,30000,36 months,8.49,946.89,B,B1,pit Manager,10+ years,RENT,115000,Source Verified,15-Dec,Fully Paid,n,https://lendingclub.com/browse/loanDetail.action?loan_id=68587377,,credit_card,Credit card refinancing,890xx,NV,13.54,1,32823.7595,32823.76,30000,2823.76,0,0,0,May-17,18655.79
67705153,8000,8000,8000,36 months,11.99,265.68,C,C1,Customer service,2 years,RENT,35000,Source Verified,15-Dec,Fully Paid,n,https://lendingclub.com/browse/loanDetail.action?loan_id=67705153,,debt_consolidation,Debt consolidation,117xx,NY,10.12,0,9404.241529,9404.24,8000,1404.24,0,0,0,Feb-18,3041.24
68416560,15000,15000,15000,60 months,16.59,369.49,D,D2,CNA,1 year,MORTGAGE,55000,Not Verified,15-Dec,Charged Off,n,https://lendingclub.com/browse/loanDetail.action?loan_id=68416560,,debt_consolidation,Debt consolidation,066xx,CT,10.17,0,12449.12,12449.12,5726.38,5410.49,36.94,1275.31,229.5558,Sep-18,387.96
68576593,21600,21600,21600,36 months,8.49,681.76,B,B1,Finisher Carpenter,2 years,MORTGAGE,60000,Verified,15-Dec,Fully Paid,n,https://lendingclub.com/browse/loanDetail.action?loan_id=68576593,,debt_consolidation,Debt consolidation,802xx,CO,17.42,0,24029.930581982997,24029.93,21600,2429.93,0,0,0,Oct-17,10420.2
68340587,12000,12000,12000,36 months,9.17,382.55,B,B2,Outbound Warehouse Manager,10+ years,MORTGAGE,105000,Source Verified,15-Dec,Fully Paid,n,https://lendingclub.com/browse/loanDetail.action?loan_id=68340587,,credit_card,,372xx,TN,16.86,1,13711.61093,13711.61,12000,1711.61,0,0,0,Jul-18,2632.94
68466641,28000,28000,28000,36 months,7.91,876.26,A,A5,Nurse Practitioner,8 years,MORTGAGE,102000,Source Verified,15-Dec,Fully Paid,n,https://lendingclub.com/browse/loanDetail.action?loan_id=68466641,,credit_card,Credit card refinancing,460xx,IN,21.05,1,31442.33949,31442.34,28000,3442.34,0,0,0,Aug-18,5185.3
68445845,6400,6400,6400,36 months,11.48,210.99,B,B5,sales associate,10+ years,RENT,33000,Verified,15-Dec,Fully Paid,n,https://lendingclub.com/browse/loanDetail.action?loan_id=68445845,,credit_card,Credit card refinancing,331xx,FL,15.6,0,7477.366381,7477.37,6400,1077.37,0,0,0,Feb-18,2411.52
68596423,15000,15000,15000,36 months,9.17,478.19,B,B2,Intl Logistics LifeScience Agent,10+ years,RENT,48000,Source Verified,15-Dec,Fully Paid,n,https://lendingclub.com/browse/loanDetail.action?loan_id=68596423,,car,Car financing,113xx,NY,12.2,0,17195.47918,17195.48,15000,2195.48,0,0,0,Jan-19,477.93
68386830,13000,13000,13000,36 months,7.91,406.84,A,A5,Consultant,2 years,RENT,70000,Not Verified,15-Dec,Fully Paid,n,https://lendingclub.com/browse/loanDetail.action?loan_id=68386830,,credit_card,Credit card refinancing,787xx,TX,26.32,0,14123.16073,14123.16,13000,1123.16,0,0,0,May-17,8034.84
68486912,10000,10000,10000,36 months,13.44,339.07,C,C3,assistant svc manager ,3 years,RENT,80000,Not Verified,15-Dec,Fully Paid,n,https://lendingclub.com/browse/loanDetail.action?loan_id=68486912,,credit_card,Credit card refinancing,060xx,CT,15.56,1,12189.389463021002,12189.39,10000,2189.39,0,0,0,Jan-19,340.61
68338703,24800,24800,24800,36 months,7.91,776.12,A,A5,account manager,10+ years,MORTGAGE,95000,Source Verified,15-Dec,Fully Paid,n,https://lendingclub.com/browse/loanDetail.action?loan_id=68338703,,debt_consolidation,,800xx,CO,14.76,0,25907.62,25907.62,24800,1107.62,0,0,0,Aug-16,21278.15
68575726,12000,12000,12000,60 months,10.78,259.6,B,B4,Maint. Machinist,10+ years,OWN,56000,Not Verified,15-Dec,Charged Off,n,https://lendingclub.com/browse/loanDetail.action?loan_id=68575726,,other,Other,720xx,AR,25.98,0,4395.23,4395.23,2774.66,1620.57,0,0,0,Jun-17,259.6
68386728,10800,10800,10800,60 months,8.49,221.53,B,B1,Senior Consultant,9 years,MORTGAGE,96000,Not Verified,15-Dec,Late (31-120 days),n,https://lendingclub.com/browse/loanDetail.action?loan_id=68386728,,car,Car financing,282xx,NC,12.25,0,7962.34,7962.34,5926.19,2036.15,0,0,0,Jan-19,221.53
68340637,15000,15000,15000,36 months,11.99,498.15,C,C1,Lead Tech,1 year,MORTGAGE,65000,Source Verified,15-Dec,Fully Paid,n,https://lendingclub.com/browse/loanDetail.action?loan_id=68340637,,debt_consolidation,,919xx,CA,17.56,0,15183.46,15183.46,15000,183.46,0,0,0,Feb-16,15208.44
67308558,24000,24000,24000,36 months,5.32,722.76,A,A1,Pharmacist,3 years,MORTGAGE,120000,Not Verified,15-Dec,Fully Paid,n,https://lendingclub.com/browse/loanDetail.action?loan_id=67308558,,credit_card,Credit card refinancing,070xx,NJ,15.82,0,25138.93661,25138.94,24000,1138.94,0,0,0,Jan-17,17199.22
68606879,2000,2000,2000,36 months,13.44,67.82,C,C3,Engineer,10+ years,OWN,75600,Verified,15-Dec,Fully Paid,n,https://lendingclub.com/browse/loanDetail.action?loan_id=68606879,,debt_consolidation,Debt consolidation,420xx,KY,10.17,1,2437.461798,2437.46,2000,437.46,0,0,0,Jan-19,67.49
68537015,22600,22600,22600,36 months,15.77,791.99,D,D1,Teacher,3 years,MORTGAGE,53867,Not Verified,15-Dec,Fully Paid,n,https://lendingclub.com/browse/loanDetail.action?loan_id=68537015,,debt_consolidation,Debt consolidation,925xx,CA,25.31,0,25651.11329,25651.11,22600,3051.11,0,0,0,Jan-17,44.1
68606893,13500,13500,13500,36 months,23.13,523.5,F,F2,Electrician,10+ years,RENT,50000,Source Verified,15-Dec,Charged Off,n,https://lendingclub.com/browse/loanDetail.action?loan_id=68606893,,debt_consolidation,Debt consolidation,328xx,FL,25.3,0,12380.94,12380.94,7130.06,4343.57,0,907.31,163.3158,Nov-17,523.5
68338676,6000,6000,6000,36 months,10.78,195.81,B,B4,"Pastor assigned-Minneapolis, MN",10+ years,MORTGAGE,66000,Not Verified,15-Dec,Charged Off,n,https://lendingclub.com/browse/loanDetail.action?loan_id=68338676,,car,,553xx,MN,19.96,1,5501.84,5501.84,3434.92,863.92,0,1203,216.54,Nov-17,195.81
68587428,20000,20000,20000,60 months,9.8,422.98,B,B3,CPS Supervisor,10+ years,MORTGAGE,84000,Not Verified,15-Dec,Current,n,https://lendingclub.com/browse/loanDetail.action?loan_id=68587428,,credit_card,Credit card refinancing,261xx,WV,23.27,0,22064.35,22064.35,17767.96,4296.39,0,0,0,Mar-19,422.98
68486909,5000,5000,5000,36 months,6.49,153.23,A,A2,Pressoperater,10+ years,OWN,55000,Not Verified,15-Dec,Fully Paid,n,https://lendingclub.com/browse/loanDetail.action?loan_id=68486909,,debt_consolidation,Debt consolidation,034xx,NH,29.15,0,5511.4631945193005,5511.46,5000,511.46,0,0,0,Jan-19,152.92
68506544,20000,20000,20000,36 months,7.49,622.04,A,A4,Pilot,10+ years,MORTGAGE,100000,Not Verified,15-Dec,Fully Paid,n,https://lendingclub.com/browse/loanDetail.action?loan_id=68506544,,credit_card,Credit card refinancing,015xx,MA,12.18,0,22408.052380561403,22408.05,20000,2376.95,31.1,0,0,Feb-19,4.32
68386766,12000,12000,12000,36 months,9.8,386.09,B,B3,Sergeant Major,10+ years,MORTGAGE,103000,Source Verified,15-Dec,Fully Paid,n,https://lendingclub.com/browse/loanDetail.action?loan_id=68386766,,debt_consolidation,Debt consolidation,221xx,VA,18.54,1,13884.07223,13884.07,12000,1884.07,0,0,0,Feb-19,1.16
68386716,32000,32000,32000,36 months,11.48,1054.93,B,B5,Professor,10+ years,MORTGAGE,107000,Verified,15-Dec,Fully Paid,n,https://lendingclub.com/browse/loanDetail.action?loan_id=68386716,,credit_card,Credit card refinancing,050xx,VT,19.13,0,36053.66711,36053.67,32000,4053.67,0,0,0,May-17,20260.34
68606732,15200,15200,15200,60 months,13.99,353.6,C,C4,Engineer,10+ years,OWN,69998,Verified,15-Dec,Charged Off,n,https://lendingclub.com/browse/loanDetail.action?loan_id=68606732,,debt_consolidation,Debt consolidation,637xx,MO,14.52,0,3715.12,3715.12,1663.62,1489.25,0,562.25,101.205,Oct-16,353.6
68356598,12500,12500,12500,60 months,11.99,278,C,C1,Owner,< 1 year,MORTGAGE,60000,Not Verified,15-Dec,Fully Paid,n,https://lendingclub.com/browse/loanDetail.action?loan_id=68356598,,debt_consolidation,Debt consolidation,286xx,NC,16.98,0,15165.384553118201,15165.38,12500,2665.38,0,0,0,Mar-18,2.71
68506468,21000,21000,21000,36 months,10.78,685.33,B,B4,IT Specialist,4 years,MORTGAGE,81000,Not Verified,15-Dec,Fully Paid,n,https://lendingclub.com/browse/loanDetail.action?loan_id=68506468,,debt_consolidation,Debt consolidation,462xx,IN,17.19,0,21261.59,21261.59,21000,261.59,0,0,0,Feb-16,21293.03
68446452,16000,16000,16000,36 months,8.49,505.01,B,B1,Customer Care coordinator,3 years,RENT,35000,Not Verified,15-Dec,Fully Paid,n,https://lendingclub.com/browse/loanDetail.action?loan_id=68446452,,credit_card,Credit card refinancing,681xx,NE,24.49,0,18161.34557,18161.35,16000,2161.35,0,0,0,Jan-19,504.87
67307680,24650,24650,24650,36 months,11.48,812.63,B,B5,Supervising Psychiatric Social Worker,10+ years,MORTGAGE,100000,Verified,15-Dec,Fully Paid,n,https://lendingclub.com/browse/loanDetail.action?loan_id=67307680,,debt_consolidation,Debt consolidation,961xx,CA,22.64,0,28038.99993,28039,24650,3389,0,0,0,Jul-17,14225.21
68446430,11000,11000,11000,36 months,7.91,344.25,A,A5,Senior Financial/Budget Analyst,3 years,MORTGAGE,77000,Not Verified,15-Dec,Fully Paid,n,https://lendingclub.com/browse/loanDetail.action?loan_id=68446430,,debt_consolidation,Debt consolidation,450xx,OH,28.73,2,12382.90033,12382.9,11000,1382.9,0,0,0,Nov-18,1026.03
68566128,22400,22400,22400,60 months,14.85,531.14,C,C5,librarian,10+ years,RENT,70000,Verified,15-Dec,Fully Paid,n,https://lendingclub.com/browse/loanDetail.action?loan_id=68566128,,credit_card,Credit card refinancing,028xx,RI,18.69,0,26579.61265,26579.61,22400,4179.61,0,0,0,May-17,18520.11
68426504,15125,15125,15125,60 months,18.49,388.12,D,D5,driver,10+ years,MORTGAGE,61000,Verified,15-Dec,Charged Off,n,https://lendingclub.com/browse/loanDetail.action?loan_id=68426504,,debt_consolidation,Debt consolidation,339xx,FL,25.38,0,8357.48,8357.48,2987.56,3680.39,0,1689.53,304.1154,Jun-17,388.12
68416679,8725,8725,8725,36 months,11.99,289.76,C,C1,account sales mng,10+ years,MORTGAGE,60000,Source Verified,15-Dec,Late (31-120 days),n,https://lendingclub.com/browse/loanDetail.action?loan_id=68416679,,debt_consolidation,Debt consolidation,645xx,MO,29.56,0,10127.07,10127.07,8435.59,1691.48,0,0,0,Dec-18,289.76
68376661,8000,8000,8000,36 months,7.91,250.36,A,A5,Teacher,10+ years,MORTGAGE,63800,Not Verified,15-Dec,Fully Paid,n,https://lendingclub.com/browse/loanDetail.action?loan_id=68376661,,debt_consolidation,Debt consolidation,750xx,TX,23.76,1,8893.189086,8893.19,8000,893.19,0,0,0,Jan-18,3143.7
68537075,8000,8000,8000,36 months,9.17,255.04,B,B2,Wholesale Mgr,2 years,RENT,52000,Source Verified,15-Dec,Fully Paid,n,https://lendingclub.com/browse/loanDetail.action?loan_id=68537075,,major_purchase,Major purchase,908xx,CA,11.86,1,9158.702815,9158.7,8000,1158.7,0,0,0,Sep-18,1262.65
68338692,11000,11000,11000,36 months,14.85,380.52,C,C5,Field Technician,2 years,RENT,42240,Source Verified,15-Dec,Fully Paid,n,https://lendingclub.com/browse/loanDetail.action?loan_id=68338692,,home_improvement,,021xx,MA,19.18,1,13675.629287001999,13675.63,11000,2675.63,0,0,0,Jan-19,380.12
68052151,11725,11725,11725,60 months,18.99,304.09,E,E1,Teacher,5 years,MORTGAGE,82000,Source Verified,15-Dec,Current,n,https://lendingclub.com/browse/loanDetail.action?loan_id=68052151,,debt_consolidation,Debt consolidation,958xx,CA,13.32,0,11550.5,11550.5,6156.86,5393.64,0,0,0,Feb-19,304.09
68486965,28500,28500,28500,60 months,18.99,739.15,E,E1,Sales,< 1 year,MORTGAGE,70000,Source Verified,15-Dec,Fully Paid,n,https://lendingclub.com/browse/loanDetail.action?loan_id=68486965,,debt_consolidation,Debt consolidation,981xx,WA,29.37,0,38595.77742,38595.78,28500,10095.78,0,0,0,Mar-18,20192.2
68526655,25000,25000,25000,36 months,6.49,766.12,A,A2,Manager,5 years,OWN,120000,Not Verified,15-Dec,Fully Paid,n,https://lendingclub.com/browse/loanDetail.action?loan_id=68526655,,credit_card,Credit card refinancing,770xx,TX,21.3,0,27557.444744800003,27557.44,25000,2557.44,0,0,0,Jan-19,765.77
68366718,7000,7000,7000,36 months,9.17,223.16,B,B2,Nurse Lvn ,5 years,RENT,70000,Not Verified,15-Dec,Fully Paid,n,https://lendingclub.com/browse/loanDetail.action?loan_id=68366718,,moving,Moving and relocation,900xx,CA,16.1,0,7771.962374364301,7771.96,7000,771.96,0,0,0,Sep-17,142.84
68577462,12000,12000,12000,36 months,9.8,386.09,B,B3,Director of Channel Sales & Marketing,< 1 year,MORTGAGE,100000,Source Verified,15-Dec,Fully Paid,n,https://lendingclub.com/browse/loanDetail.action?loan_id=68577462,,debt_consolidation,Debt consolidation,601xx,IL,12.07,0,13196.78566,13196.79,12000,1196.79,0,0,0,May-17,2821.77
68577627,20000,20000,20000,60 months,8.49,410.24,B,B1,Sales,10+ years,OWN,40000,Not Verified,15-Dec,Current,n,https://lendingclub.com/browse/loanDetail.action?loan_id=68577627,,credit_card,Credit card refinancing,400xx,KY,20.04,0,15572.54,15572.54,11677.51,3895.03,0,0,0,Feb-19,410.24
68476479,5875,5875,5875,36 months,15.77,205.89,D,D1,manufacturing driver,10+ years,RENT,56000,Verified,15-Dec,Fully Paid,n,https://lendingclub.com/browse/loanDetail.action?loan_id=68476479,,debt_consolidation,Debt consolidation,604xx,IL,25.65,0,7265.055967,7265.06,5875,1390.06,0,0,0,Mar-18,2130.68
68576177,18000,18000,18000,60 months,18.49,461.9,D,D5,Sales Account Manager,10+ years,RENT,145000,Source Verified,15-Dec,Fully Paid,n,https://lendingclub.com/browse/loanDetail.action?loan_id=68576177,,debt_consolidation,Debt consolidation,945xx,CA,15.54,0,25721.3802,25721.38,18000,7721.38,0,0,0,Nov-18,10386.23
68426438,28000,28000,28000,36 months,7.91,876.26,A,A5,Group Manager,1 year,MORTGAGE,160000,Not Verified,15-Dec,Fully Paid,n,https://lendingclub.com/browse/loanDetail.action?loan_id=68426438,,home_improvement,Home improvement,980xx,WA,23.69,0,31618.85997,31618.86,28000,3531.24,87.62,0,0,Feb-19,60.45
68537228,35000,35000,35000,60 months,9.8,740.21,B,B3,Pilot,10+ years,RENT,205000,Source Verified,15-Dec,Fully Paid,n,https://lendingclub.com/browse/loanDetail.action?loan_id=68537228,,moving,Moving and relocation,941xx,CA,5.71,0,35917.7,35917.7,35000,917.7,0,0,0,Apr-16,34484.92
68605120,31800,31800,31800,60 months,16.59,783.32,D,D2,Finance and Admn. Director,< 1 year,MORTGAGE,65000,Source Verified,15-Dec,Fully Paid,n,https://lendingclub.com/browse/loanDetail.action?loan_id=68605120,,debt_consolidation,Debt consolidation,722xx,AR,24.15,0,36264.31,36264.31,31800,4464.31,0,0,0,Nov-16,29287.7
68396682,25000,25000,25000,60 months,17.97,634.43,D,D4,Driver,10+ years,MORTGAGE,105000,Not Verified,15-Dec,Fully Paid,n,https://lendingclub.com/browse/loanDetail.action?loan_id=68396682,,debt_consolidation,Debt consolidation,201xx,VA,22.57,0,35118.45,35118.45,25000,10118.45,0,0,0,Nov-18,13961.76
68566614,16000,16000,16000,36 months,17.27,572.6,D,D3,O&M Specialist II,6 years,RENT,54000,Verified,15-Dec,Fully Paid,n,https://lendingclub.com/browse/loanDetail.action?loan_id=68566614,,debt_consolidation,Debt consolidation,104xx,NY,20.73,0,20655.77399,20655.77,16000,4598.51,57.26,0,0,Feb-19,23.29
68577273,25000,25000,25000,60 months,10.78,540.83,B,B4,Business Analyst,10+ years,OWN,82000,Source Verified,15-Dec,Current,n,https://lendingclub.com/browse/loanDetail.action?loan_id=68577273,,credit_card,Credit card refinancing,430xx,OH,26.88,0,20514.11,20514.11,14247.87,6266.24,0,0,0,Feb-19,540.83
68182349,35000,35000,35000,60 months,16.59,862.15,D,D2,Registered Nurse,5 years,MORTGAGE,139000,Source Verified,15-Dec,Fully Paid,n,https://lendingclub.com/browse/loanDetail.action?loan_id=68182349,,credit_card,Credit card refinancing,945xx,CA,14.95,0,42004.45401,42004.45,35000,7004.45,0,0,0,May-17,29152.85
68426245,18000,18000,18000,36 months,7.91,563.31,A,A5,Sales,1 year,OWN,60000,Not Verified,15-Dec,Charged Off,n,https://lendingclub.com/browse/loanDetail.action?loan_id=68426245,,credit_card,Credit card refinancing,347xx,FL,11.52,0,15367.59,15367.59,12560.58,2082.21,0,724.8,7.247999999999999,Mar-18,563.31
68516370,10000,10000,10000,36 months,7.49,311.02,A,A4,Support Staff,< 1 year,MORTGAGE,55500,Source Verified,15-Dec,Fully Paid,n,https://lendingclub.com/browse/loanDetail.action?loan_id=68516370,,debt_consolidation,Debt consolidation,152xx,PA,15.05,1,11053.24116,11053.24,10000,1053.24,0,0,0,Jan-18,3910.18
68396401,8000,8000,8000,36 months,14.85,276.74,C,C5,ESTIMATING ASSISTANT,2 years,RENT,53040,Verified,15-Dec,Fully Paid,n,https://lendingclub.com/browse/loanDetail.action?loan_id=68396401,,credit_card,Credit card refinancing,967xx,HI,20.54,0,10113.19964,10113.2,8000,2113.2,0,0,0,Sep-18,2465.78
68504862,12000,12000,12000,60 months,13.44,275.75,C,C3,Team member ,10+ years,MORTGAGE,75000,Source Verified,15-Dec,Current,n,https://lendingclub.com/browse/loanDetail.action?loan_id=68504862,,debt_consolidation,Debt consolidation,410xx,KY,18.46,1,10456.1,10456.1,6649.66,3806.44,0,0,0,Feb-19,275.75
68466525,15000,15000,15000,36 months,5.32,451.73,A,A1,,,MORTGAGE,75000,Not Verified,15-Dec,Fully Paid,n,https://lendingclub.com/browse/loanDetail.action?loan_id=68466525,,debt_consolidation,Debt consolidation,077xx,NJ,8.75,0,15931.012691028402,15931.01,15000,931.01,0,0,0,Jul-17,8262.68
68466575,20000,20000,20000,60 months,11.99,444.79,C,C1,CEO/Therapist,4 years,MORTGAGE,155000,Source Verified,15-Dec,Fully Paid,n,https://lendingclub.com/browse/loanDetail.action?loan_id=68466575,,house,Home buying,276xx,NC,22.47,1,24696.292496487404,24696.29,20000,4696.29,0,0,0,Jun-18,12275.48
68525638,14000,14000,14000,60 months,19.89,370.06,E,E3,Program Group Leader,10+ years,MORTGAGE,80000,Source Verified,15-Dec,Fully Paid,n,https://lendingclub.com/browse/loanDetail.action?loan_id=68525638,,small_business,Business,377xx,TN,14.39,0,14522.34,14522.34,14000,522.34,0,0,0,Mar-16,14190.96
68396575,20500,20500,20500,36 months,8.49,647.04,B,B1,,,RENT,77700,Verified,15-Dec,Fully Paid,n,https://lendingclub.com/browse/loanDetail.action?loan_id=68396575,,debt_consolidation,Debt consolidation,956xx,CA,18.56,0,21996.39661,21996.4,20500,1496.4,0,0,0,Jan-17,14903.13
68536174,4700,4700,4700,36 months,13.99,160.62,C,C4,Sales,4 years,MORTGAGE,88000,Source Verified,15-Dec,Fully Paid,n,https://lendingclub.com/browse/loanDetail.action?loan_id=68536174,,debt_consolidation,Debt consolidation,231xx,VA,14.21,0,5772.8361534430005,5772.84,4700,1072.84,0,0,0,Jan-19,160.27
68426258,28000,28000,28000,60 months,9.17,583.55,B,B2,Attorney,4 years,MORTGAGE,76008,Source Verified,15-Dec,Fully Paid,n,https://lendingclub.com/browse/loanDetail.action?loan_id=68426258,,debt_consolidation,Debt consolidation,945xx,CA,14.47,0,33258.68225,33258.68,28000,5258.68,0,0,0,Aug-18,15787.84
68606785,12000,12000,12000,36 months,7.91,375.54,A,A5,HR Director,10+ years,MORTGAGE,71000,Not Verified,15-Dec,Fully Paid,n,https://lendingclub.com/browse/loanDetail.action?loan_id=68606785,,debt_consolidation,Debt consolidation,376xx,TN,24.86,1,13136.020764230901,13136.02,12000,1136.02,0,0,0,Jun-17,7101.01
68577304,7200,7200,7200,36 months,7.91,225.33,A,A5,Sales Associate,< 1 year,RENT,42500,Source Verified,15-Dec,Fully Paid,n,https://lendingclub.com/browse/loanDetail.action?loan_id=68577304,,credit_card,Credit card refinancing,331xx,FL,11.07,5,7662.024293594201,7662.02,7200,462.02,0,0,0,Dec-16,5416.63
68526511,11000,11000,11000,36 months,7.49,342.12,A,A4,,,OWN,33000,Not Verified,15-Dec,Fully Paid,n,https://lendingclub.com/browse/loanDetail.action?loan_id=68526511,,debt_consolidation,Debt consolidation,199xx,DE,37.56,0,12304.794820066001,12304.79,11000,1304.79,0,0,0,Jan-19,342.03
67378996,11000,11000,11000,60 months,13.99,255.9,C,C4,sales/merchandiser,5 years,MORTGAGE,52000,Not Verified,15-Dec,Charged Off,n,https://lendingclub.com/browse/loanDetail.action?loan_id=67378996,,debt_consolidation,Debt consolidation,925xx,CA,5.7,0,5352.53,5352.53,3016.71,2335.82,0,0,0,Oct-17,255.9
68526473,3500,3500,3500,36 months,9.8,112.61,B,B3,Operation to Cash Analyst,1 year,MORTGAGE,45000,Source Verified,15-Dec,Fully Paid,n,https://lendingclub.com/browse/loanDetail.action?loan_id=68526473,,car,Car financing,531xx,WI,22.29,1,4066.574469,4066.57,3500,551.57,15,0,0,Jan-19,114.74
68386504,23850,23850,23850,36 months,13.44,808.67,C,C3,System Administrator,3 years,OWN,111000,Source Verified,15-Dec,Fully Paid,n,https://lendingclub.com/browse/loanDetail.action?loan_id=68386504,,major_purchase,Major purchase,935xx,CA,13.58,0,24546.5,24546.5,23850,696.5,0,0,0,Mar-16,23773.45
68386590,3600,3600,3600,36 months,15.77,126.16,D,D1,Production Supervisor,3 years,RENT,70000,Source Verified,15-Dec,Fully Paid,n,https://lendingclub.com/browse/loanDetail.action?loan_id=68386590,,other,Other,058xx,VT,14.33,1,4535.03,4535.03,3600,935.03,0,0,0,Feb-19,0.73
68616588,15000,15000,15000,36 months,7.91,469.43,A,A5,Teacher,2 years,RENT,54000,Source Verified,15-Dec,Current,n,https://lendingclub.com/browse/loanDetail.action?loan_id=68616588,,debt_consolidation,Debt consolidation,774xx,TX,19.39,1,16987.32,16987.32,14993.8,1993.52,0,0,0,Mar-19,469.43
68366510,16500,16500,16500,36 months,11.99,547.96,C,C1,Information Specialist 4,10+ years,MORTGAGE,76000,Source Verified,15-Dec,Fully Paid,n,https://lendingclub.com/browse/loanDetail.action?loan_id=68366510,,credit_card,Credit card refinancing,973xx,OR,2.56,0,18294.75972,18294.76,16500,1794.76,0,0,0,Jan-17,11821.39
67448298,8275,8275,8275,36 months,10.78,270.06,B,B4,,,MORTGAGE,55000,Verified,15-Dec,Fully Paid,n,https://lendingclub.com/browse/loanDetail.action?loan_id=67448298,,credit_card,Credit card refinancing,082xx,NJ,38.05,0,9664.383919,9664.38,8275,1389.38,0,0,0,Jul-18,1845.03
68386480,35000,35000,35000,36 months,17.27,1252.56,D,D3,Director of Catering & Events,< 1 year,MORTGAGE,80000,Source Verified,15-Dec,Fully Paid,n,https://lendingclub.com/browse/loanDetail.action?loan_id=68386480,,home_improvement,Home improvement,806xx,CO,15.77,2,44777.88188587059,44777.88,35000,9777.88,0,0,0,Dec-18,1252.27
68356375,20000,20000,20000,36 months,5.32,602.3,A,A1,Radiology Ancillary Manager ,< 1 year,MORTGAGE,106000,Not Verified,15-Dec,Fully Paid,n,https://lendingclub.com/browse/loanDetail.action?loan_id=68356375,,debt_consolidation,Debt consolidation,021xx,MA,20.04,0,21599.05312,21599.05,20000,1599.05,0,0,0,Nov-18,737.93
68616414,22800,22800,22800,36 months,5.32,686.62,A,A1,Owner,6 years,MORTGAGE,76000,Not Verified,15-Dec,Fully Paid,n,https://lendingclub.com/browse/loanDetail.action?loan_id=68616414,,debt_consolidation,Debt consolidation,142xx,NY,21.96,0,24701.3537,24701.35,22800,1901.35,0,0,0,Jan-19,686.5
68577378,10000,10000,10000,36 months,8.49,315.63,B,B1,Accounting Clerk,4 years,OWN,35000,Not Verified,15-Dec,Fully Paid,n,https://lendingclub.com/browse/loanDetail.action?loan_id=68577378,,credit_card,Credit card refinancing,388xx,MS,33.54,0,11350.850777176001,11350.85,10000,1350.85,0,0,0,Jan-19,315.59
68113036,19000,19000,19000,36 months,10.78,620.06,B,B4,director of working credit,10+ years,MORTGAGE,155000,Not Verified,15-Dec,Fully Paid,n,https://lendingclub.com/browse/loanDetail.action?loan_id=68113036,,debt_consolidation,Debt consolidation,070xx,NJ,18.42,0,21936.80291,21936.8,19000,2936.8,0,0,0,Jan-18,7512.72
68406779,18000,18000,18000,60 months,8.49,369.22,B,B1,QA Engineer,5 years,MORTGAGE,92000,Not Verified,15-Dec,Current,n,https://lendingclub.com/browse/loanDetail.action?loan_id=68406779,,debt_consolidation,Debt consolidation,970xx,OR,3.48,0,14009.14,14009.14,10502.83,3506.31,0,0,0,Feb-19,369.22
68596496,6000,6000,6000,36 months,16.59,212.7,D,D2,Lead bartender,2 years,RENT,40000,Not Verified,15-Dec,Charged Off,n,https://lendingclub.com/browse/loanDetail.action?loan_id=68596496,,debt_consolidation,Debt consolidation,972xx,OR,10.8,0,4284.75,4284.75,2631.28,1183.5,0,469.97,84.5946,Jul-17,212.7
67055262,35000,35000,35000,36 months,16.59,1240.72,D,D2,Oracle Systems Administrator,10+ years,MORTGAGE,105000,Verified,15-Dec,Fully Paid,n,https://lendingclub.com/browse/loanDetail.action?loan_id=67055262,,credit_card,Credit card refinancing,156xx,PA,27.22,0,44107.0927,44107.09,35000,9107.09,0,0,0,Jun-18,8412.73
68536992,6000,6000,6000,36 months,13.99,205.04,C,C4,Sr Finance Project Manager,10+ years,MORTGAGE,210000,Source Verified,15-Dec,Fully Paid,n,https://lendingclub.com/browse/loanDetail.action?loan_id=68536992,,debt_consolidation,Debt consolidation,773xx,TX,12.55,0,6822.217213,6822.22,6000,822.22,0,0,0,Mar-17,4168.36
68536187,16000,16000,16000,36 months,13.99,546.77,C,C4,PAYABLES,< 1 year,RENT,52000,Source Verified,15-Dec,Charged Off,n,https://lendingclub.com/browse/loanDetail.action?loan_id=68536187,,debt_consolidation,Debt consolidation,070xx,NJ,33.12,0,4889.84,4889.84,3397.51,1492.33,0,0,0,Oct-16,546.77
68052822,5000,5000,5000,36 months,16.59,177.25,D,D2,,,RENT,19000,Verified,15-Dec,Fully Paid,n,https://lendingclub.com/browse/loanDetail.action?loan_id=68052822,,debt_consolidation,Debt consolidation,152xx,PA,14.28,0,6334.693501959499,6334.69,5000,1334.69,0,0,0,Dec-18,177.03
68426234,3000,3000,3000,36 months,18.49,109.2,D,D5,case worker,1 year,RENT,54000,Not Verified,15-Dec,Charged Off,n,https://lendingclub.com/browse/loanDetail.action?loan_id=68426234,,house,Home buying,113xx,NY,32.18,1,2305.9,2305.9,1603.25,702.65,0,0,0,Sep-17,120
68596402,20000,20000,20000,36 months,14.85,691.84,C,C5,social worker,10+ years,OWN,120000,Not Verified,15-Dec,Charged Off,n,https://lendingclub.com/browse/loanDetail.action?loan_id=68596402,,other,Other,100xx,NY,33.29,0,15809.48,15809.48,10581.63,3905.76,0,1322.09,13.2209,Oct-17,691.84
68338594,24000,24000,24000,60 months,23.13,678.37,F,F2,Coordinator,6 years,MORTGAGE,43435,Verified,15-Dec,Fully Paid,n,https://lendingclub.com/browse/loanDetail.action?loan_id=68338594,,debt_consolidation,,773xx,TX,35.7,0,27488.25125,27488.25,24000,3488.25,0,0,0,Sep-16,417.35
68577316,20000,20000,20000,36 months,7.49,622.04,A,A4,IT Manager,10+ years,MORTGAGE,106000,Not Verified,15-Dec,Fully Paid,n,https://lendingclub.com/browse/loanDetail.action?loan_id=68577316,,debt_consolidation,Debt consolidation,751xx,TX,27.2,0,22373.998988157004,22374,20000,2374,0,0,0,Feb-19,1.37
68446226,8000,8000,8000,36 months,9.17,255.04,B,B2,QA nurse,< 1 year,RENT,65000,Verified,15-Dec,Fully Paid,n,https://lendingclub.com/browse/loanDetail.action?loan_id=68446226,,major_purchase,Major purchase,431xx,OH,22.05,2,9177.66978,9177.67,8000,1177.67,0,0,0,Feb-19,2.35
68446231,5000,5000,5000,36 months,12.88,168.19,C,C2,General Manager,< 1 year,RENT,47000,Source Verified,15-Dec,Fully Paid,n,https://lendingclub.com/browse/loanDetail.action?loan_id=68446231,,debt_consolidation,Debt consolidation,760xx,TX,38.61,0,5951.508613,5951.51,5000,951.51,0,0,0,Mar-18,1755.7
68426244,20000,20000,20000,36 months,5.32,602.3,A,A1,Train Service Supervisor,10+ years,MORTGAGE,135000,Not Verified,15-Dec,Fully Paid,n,https://lendingclub.com/browse/loanDetail.action?loan_id=68426244,,debt_consolidation,Debt consolidation,117xx,NY,15.9,0,21666.698020453998,21666.7,20000,1666.7,0,0,0,Dec-18,1203.28
68386572,5000,5000,5000,36 months,13.44,169.54,C,C3,R.N.,6 years,RENT,110000,Verified,15-Dec,Fully Paid,n,https://lendingclub.com/browse/loanDetail.action?loan_id=68386572,,debt_consolidation,Debt consolidation,925xx,CA,24.66,0,6093.979717,6093.98,5000,1093.98,0,0,0,Jan-19,169.41
68466410,30425,30425,30425,60 months,19.89,804.22,E,E3,Chief Deputy,9 years,MORTGAGE,69201,Verified,15-Dec,Current,n,https://lendingclub.com/browse/loanDetail.action?loan_id=68466410,,credit_card,Credit card refinancing,539xx,WI,16.67,0,30487.28,30487.28,15700.39,14786.89,0,0,0,Mar-19,804.22
66546659,12000,12000,12000,36 months,10.78,391.62,B,B4,sales,5 years,RENT,29500,Source Verified,15-Dec,Fully Paid,n,https://lendingclub.com/browse/loanDetail.action?loan_id=66546659,,debt_consolidation,Debt consolidation,934xx,CA,16.27,0,13383.19264,13383.19,12000,1383.19,0,0,0,Apr-17,7918.48
68606779,19675,19675,19675,60 months,21.48,537.61,E,E5,Software Engineer,< 1 year,MORTGAGE,86000,Source Verified,15-Dec,Fully Paid,n,https://lendingclub.com/browse/loanDetail.action?loan_id=68606779,,debt_consolidation,Debt consolidation,208xx,MD,8.09,1,26129.146233046402,26129.15,19675,6454.15,0,0,0,Sep-17,15973.26
68436350,24000,24000,24000,36 months,9.8,772.17,B,B3,Chief Operating Officer,3 years,OWN,125000,Not Verified,15-Dec,Charged Off,n,https://lendingclub.com/browse/loanDetail.action?loan_id=68436350,,home_improvement,Home improvement,605xx,IL,2.96,0,16955.07,16955.07,13824.23,3130.84,0,0,0,Nov-17,772.17
68436402,12000,12000,12000,36 months,10.78,391.62,B,B4,Faculty,2 years,MORTGAGE,85000,Source Verified,15-Dec,Fully Paid,n,https://lendingclub.com/browse/loanDetail.action?loan_id=68436402,,debt_consolidation,Debt consolidation,191xx,PA,24.06,0,12656.28,12656.28,12000,656.28,0,0,0,Aug-16,786.81
68546935,12000,12000,12000,36 months,5.32,361.38,A,A1,Secretary/Tresurer,4 years,OWN,45000,Not Verified,15-Dec,Fully Paid,n,https://lendingclub.com/browse/loanDetail.action?loan_id=68546935,,debt_consolidation,Debt consolidation,960xx,CA,29.87,0,12413.648130058898,12413.65,12000,413.65,0,0,0,Jan-17,4351.38
68616558,28000,28000,28000,36 months,7.91,876.26,A,A5,Trader,2 years,MORTGAGE,112000,Source Verified,15-Dec,Fully Paid,n,https://lendingclub.com/browse/loanDetail.action?loan_id=68616558,,credit_card,Credit card refinancing,802xx,CO,11.95,0,30687.31808,30687.32,28000,2687.32,0,0,0,Aug-17,14945.4
68576171,14000,14000,14000,36 months,10.78,456.89,B,B4,Senior Manager,7 years,RENT,105000,Source Verified,15-Dec,Fully Paid,n,https://lendingclub.com/browse/loanDetail.action?loan_id=68576171,,credit_card,Credit card refinancing,100xx,NY,26.66,0,15279.815234405802,15279.82,14000,1279.82,0,0,0,Dec-16,10731.88
68516426,9975,9975,9975,36 months,23.13,386.81,F,F2,Staff Bookkeeper,9 years,OWN,31200,Verified,15-Dec,Fully Paid,n,https://lendingclub.com/browse/loanDetail.action?loan_id=68516426,,other,Other,920xx,CA,21.14,0,13955.745953523001,13955.75,9975,3980.75,0,0,0,Jan-19,386.61
68376649,10000,10000,10000,36 months,5.32,301.15,A,A1,Product Manager,8 years,RENT,72000,Source Verified,15-Dec,Fully Paid,n,https://lendingclub.com/browse/loanDetail.action?loan_id=68376649,,debt_consolidation,Debt consolidation,972xx,OR,16.42,0,10824.09297,10824.09,10000,824.09,0,0,0,Jan-19,191.23
68616573,3600,3600,3600,36 months,13.99,123.03,C,C4,Care giver ,5 years,MORTGAGE,34000,Verified,15-Dec,Fully Paid,n,https://lendingclub.com/browse/loanDetail.action?loan_id=68616573,,credit_card,Credit card refinancing,280xx,NC,29.79,0,4423.085616071699,4423.09,3600,823.09,0,0,0,Jan-19,119.04
68516294,27850,27850,27850,36 months,24.24,1096.15,F,F3,Senior Departmental Technician,10+ years,MORTGAGE,55702,Verified,15-Dec,Fully Paid,n,https://lendingclub.com/browse/loanDetail.action?loan_id=68516294,,debt_consolidation,Debt consolidation,488xx,MI,26.18,1,31484.71,31484.71,27850,3634.71,0,0,0,Jul-16,27193.87
68038575,14000,14000,14000,36 months,9.8,450.43,B,B3,Nurse anesthetist ,4 years,MORTGAGE,175000,Source Verified,15-Dec,Fully Paid,n,https://lendingclub.com/browse/loanDetail.action?loan_id=68038575,,credit_card,Credit card refinancing,700xx,LA,25.43,0,16196.302453453001,16196.3,14000,2196.3,0,0,0,Jan-19,450.31
68525951,12475,12475,12475,36 months,5.32,375.69,A,A1,Certified Nursing Assistant,2 years,OWN,26000,Not Verified,15-Dec,Fully Paid,n,https://lendingclub.com/browse/loanDetail.action?loan_id=68525951,,credit_card,Credit card refinancing,921xx,CA,28.49,0,13228.648968841999,13228.65,12475,753.65,0,0,0,Jun-17,7226.83
68340478,24000,24000,24000,60 months,13.44,551.5,C,C3,Transportation Manager,1 year,MORTGAGE,96000,Verified,15-Dec,Fully Paid,n,https://lendingclub.com/browse/loanDetail.action?loan_id=68340478,,credit_card,,646xx,MO,22.7,0,30785.080591552203,30785.08,24000,6785.08,0,0,0,Aug-18,14284.88
67798862,22400,22400,22400,60 months,14.85,531.14,C,C5,Senior Systems Engineer,3 years,RENT,96000,Verified,15-Dec,Fully Paid,n,https://lendingclub.com/browse/loanDetail.action?loan_id=67798862,,debt_consolidation,Debt consolidation,760xx,TX,20.45,1,29290.86571,29290.87,22400,6890.87,0,0,0,Feb-19,524.89
68386707,26000,26000,26000,36 months,6.49,796.76,A,A2,Test Manager,6 years,MORTGAGE,124400,Not Verified,15-Dec,Fully Paid,n,https://lendingclub.com/browse/loanDetail.action?loan_id=68386707,,credit_card,Credit card refinancing,360xx,AL,26.03,0,28427.16976,28427.17,26000,2427.17,0,0,0,Mar-18,6626.93
68496752,25000,25000,25000,60 months,13.44,574.48,C,C3,,,OWN,50000,Not Verified,15-Dec,Fully Paid,n,https://lendingclub.com/browse/loanDetail.action?loan_id=68496752,,home_improvement,Home improvement,358xx,AL,6.39,0,26266.66,26266.66,25000,1266.66,0,0,0,May-16,24589.89
68423901,14000,14000,14000,36 months,9.8,450.43,B,B3,Senior Engineering Project Team Leader,10+ years,MORTGAGE,130000,Source Verified,15-Dec,Fully Paid,n,https://lendingclub.com/browse/loanDetail.action?loan_id=68423901,,credit_card,Credit card refinancing,605xx,IL,11.99,0,15397.2835,15397.28,14000,1397.28,0,0,0,Apr-17,9110.32
68536998,10000,10000,10000,36 months,6.49,306.45,A,A2,super intendent,8 years,OWN,52600,Not Verified,15-Dec,Fully Paid,n,https://lendingclub.com/browse/loanDetail.action?loan_id=68536998,,debt_consolidation,Debt consolidation,116xx,NY,13.16,0,10844.343169903299,10844.34,10000,844.34,0,0,0,Oct-17,4724.35
68596373,18300,18300,18300,60 months,16.59,450.78,D,D2,Executive Administrative Assistant,10+ years,MORTGAGE,118000,Verified,15-Dec,Current,n,https://lendingclub.com/browse/loanDetail.action?loan_id=68596373,,debt_consolidation,Debt consolidation,114xx,NY,21.49,2,17087.47,17087.47,9799.38,7288.09,0,0,0,Feb-19,450.78
68484093,11550,11550,11550,36 months,18.99,423.32,E,E1,,,MORTGAGE,28948.92,Verified,15-Dec,Fully Paid,n,https://lendingclub.com/browse/loanDetail.action?loan_id=68484093,,credit_card,Credit card refinancing,993xx,WA,18.41,0,15152.033331363999,15152.03,11550,3602.03,0,0,0,Sep-18,2059.57
68008415,14000,14000,14000,36 months,6.99,432.22,A,A3,Deputy Division Chief,6 years,MORTGAGE,100200,Source Verified,15-Dec,Fully Paid,n,https://lendingclub.com/browse/loanDetail.action?loan_id=68008415,,credit_card,Credit card refinancing,241xx,VA,19.34,0,14939.541525443301,14939.54,14000,939.54,0,0,0,Aug-17,2143.17
68506125,9000,9000,9000,36 months,7.91,281.66,A,A5,Dispatcher,10+ years,MORTGAGE,90000,Not Verified,15-Dec,Fully Paid,n,https://lendingclub.com/browse/loanDetail.action?loan_id=68506125,,credit_card,Credit card refinancing,085xx,NJ,9.28,2,9702.146866,9702.15,9000,702.15,0,0,0,Mar-17,6050.46
68476339,8000,8000,8000,36 months,10.78,261.08,B,B4,Administrative Assistant,3 years,RENT,38000,Verified,15-Dec,Fully Paid,n,https://lendingclub.com/browse/loanDetail.action?loan_id=68476339,,debt_consolidation,Debt consolidation,660xx,KS,25.36,0,9411.989754,9411.99,8000,1411.99,0,0,0,Jan-19,260.95
68476287,11000,11000,11000,36 months,7.91,344.25,A,A5,Teacher,2 years,MORTGAGE,60000,Not Verified,15-Dec,Fully Paid,n,https://lendingclub.com/browse/loanDetail.action?loan_id=68476287,,other,Other,608xx,IL,28.36,0,12355.70924,12355.71,11000,1355.71,0,0,0,Sep-18,1596.04
68547199,11200,11200,11200,36 months,5.32,337.29,A,A1,Quality Manager,2 years,MORTGAGE,82500,Not Verified,15-Dec,Fully Paid,n,https://lendingclub.com/browse/loanDetail.action?loan_id=68547199,,credit_card,Credit card refinancing,278xx,NC,14.79,0,11966.482957433702,11966.48,11200,766.48,0,0,0,Apr-18,205.22
68496672,21000,21000,21000,60 months,13.44,482.56,C,C3,RN- Staff Educator,2 years,MORTGAGE,75000,Not Verified,15-Dec,Charged Off,n,https://lendingclub.com/browse/loanDetail.action?loan_id=68496672,,debt_consolidation,Debt consolidation,393xx,MS,21.56,0,7597.94,7597.94,3158.17,2593.35,0,1846.42,332.3556,Jan-17,482.56
68587201,35000,35000,35000,36 months,11.99,1162.34,C,C1,manager,10+ years,RENT,130000,Source Verified,15-Dec,Fully Paid,n,https://lendingclub.com/browse/loanDetail.action?loan_id=68587201,,debt_consolidation,Debt consolidation,112xx,NY,19.75,0,38854.570008855895,38854.57,35000,3854.57,0,0,0,Feb-17,24964.77
68396350,20000,20000,20000,36 months,13.44,678.13,C,C3,Water Treatment Plant Operator,3 years,MORTGAGE,64000,Verified,15-Dec,Fully Paid,n,https://lendingclub.com/browse/loanDetail.action?loan_id=68396350,,credit_card,Credit card refinancing,141xx,NY,23.85,0,23406.310531467003,23406.31,20000,3406.31,0,0,0,Jan-18,1225.38
68566452,24000,24000,24000,36 months,6.49,735.47,A,A2,Planner,10+ years,MORTGAGE,105000,Source Verified,15-Dec,Fully Paid,n,https://lendingclub.com/browse/loanDetail.action?loan_id=68566452,,debt_consolidation,Debt consolidation,902xx,CA,17.15,0,26388.441142276002,26388.44,24000,2388.44,0,0,0,Jul-18,5081.44
68426253,19800,19800,19800,36 months,11.99,657.55,C,C1,Manager,3 years,RENT,45000,Not Verified,15-Dec,Fully Paid,n,https://lendingclub.com/browse/loanDetail.action?loan_id=68426253,,debt_consolidation,Debt consolidation,322xx,FL,23.47,0,23063.929919997998,23063.93,19800,3263.93,0,0,0,Nov-17,9288.35
68536503,30000,30000,30000,36 months,12.88,1009.09,C,C2,machine operator leadman,9 years,RENT,84000,Not Verified,15-Dec,Charged Off,n,https://lendingclub.com/browse/loanDetail.action?loan_id=68536503,,debt_consolidation,Debt consolidation,783xx,TX,24.39,1,21280.44,21280.44,14266.95,4902.54,0,2110.95,379.971,Sep-17,1059.54
68547089,28000,28000,28000,36 months,5.32,843.22,A,A1,Senior Engineer,3 years,MORTGAGE,205200,Source Verified,15-Dec,Fully Paid,n,https://lendingclub.com/browse/loanDetail.action?loan_id=68547089,,credit_card,Credit card refinancing,301xx,GA,21.6,0,30228.369064656203,30228.37,28000,2228.37,0,0,0,Oct-18,867.94
68396571,13475,13475,13475,60 months,16.59,331.93,D,D2,Professor ,6 years,MORTGAGE,62000,Verified,15-Dec,Current,n,https://lendingclub.com/browse/loanDetail.action?loan_id=68396571,,debt_consolidation,Debt consolidation,495xx,MI,30.41,0,12582.29,12582.29,7214.5,5367.79,0,0,0,Feb-19,331.93
67809049,27300,27300,27300,60 months,17.97,692.8,D,D4,Director,4 years,MORTGAGE,65000,Source Verified,15-Dec,Fully Paid,n,https://lendingclub.com/browse/loanDetail.action?loan_id=67809049,,debt_consolidation,Debt consolidation,871xx,NM,17.02,1,33366.09113,33366.09,27300,6066.09,0,0,0,Apr-17,23222.79
68506307,10000,10000,10000,60 months,13.99,232.64,C,C4,Accounting Supervisor,9 years,RENT,62000,Not Verified,15-Dec,Current,n,https://lendingclub.com/browse/loanDetail.action?loan_id=68506307,,credit_card,Credit card refinancing,336xx,FL,29.06,0,8820.89,8820.89,5509.12,3311.77,0,0,0,Feb-19,232.64
68546903,24000,24000,24000,60 months,12.88,544.61,C,C2,Technical analyst ,10+ years,RENT,73000,Not Verified,15-Dec,Charged Off,n,https://lendingclub.com/browse/loanDetail.action?loan_id=68546903,,credit_card,Credit card refinancing,604xx,IL,19.76,2,13967.29,13967.29,7079.45,4987.84,0,1900,342,Nov-17,544.61
68395243,1450,1450,1450,36 months,9.17,46.23,B,B2,Team Lead,2 years,MORTGAGE,35000,Source Verified,15-Dec,Fully Paid,n,https://lendingclub.com/browse/loanDetail.action?loan_id=68395243,,home_improvement,Home improvement,246xx,VA,18.59,0,1662.199868,1662.2,1450,212.2,0,0,0,Jan-19,46
68526248,4000,4000,4000,36 months,9.8,128.7,B,B3,English Teacher ,2 years,MORTGAGE,47500,Source Verified,15-Dec,Fully Paid,n,https://lendingclub.com/browse/loanDetail.action?loan_id=68526248,,debt_consolidation,Debt consolidation,124xx,NY,5.79,0,4568.604577,4568.6,4000,568.6,0,0,0,Feb-18,1485.24
68356556,1000,1000,1000,36 months,11.48,32.97,B,B5,Production Control,10+ years,RENT,86000,Not Verified,15-Dec,Fully Paid,n,https://lendingclub.com/browse/loanDetail.action?loan_id=68356556,,major_purchase,Major purchase,875xx,NM,20.64,0,1130.3603255983999,1130.36,1000,130.36,0,0,0,Jun-17,604.43
68444192,24950,24950,24950,36 months,10.78,814.24,B,B4,Manager,5 years,MORTGAGE,65000,Not Verified,15-Dec,Fully Paid,n,https://lendingclub.com/browse/loanDetail.action?loan_id=68444192,,major_purchase,Major purchase,333xx,FL,15.95,0,29221.30555,29221.31,24950,4271.31,0,0,0,Sep-18,4017.23
68406843,25000,25000,25000,36 months,5.32,752.87,A,A1,Region Vice President ,10+ years,MORTGAGE,300000,Not Verified,15-Dec,Fully Paid,n,https://lendingclub.com/browse/loanDetail.action?loan_id=68406843,,home_improvement,Home improvement,333xx,FL,9.14,0,27048.995739371498,27049,25000,2049,0,0,0,Jun-18,5934.55
68536929,6000,6000,6000,36 months,7.91,187.77,A,A5,Sr Director Engineering,10+ years,MORTGAGE,250000,Source Verified,15-Dec,Fully Paid,n,https://lendingclub.com/browse/loanDetail.action?loan_id=68536929,,other,Other,982xx,WA,16.17,1,6114.010000326701,6114.01,6000,114.01,0,0,0,Apr-16,5745.06
68587215,21000,21000,21000,36 months,9.17,669.46,B,B2,IT Security Engineer,< 1 year,MORTGAGE,110000,Not Verified,15-Dec,Charged Off,n,https://lendingclub.com/browse/loanDetail.action?loan_id=68587215,,debt_consolidation,Debt consolidation,300xx,GA,22.5,1,16475.13,16475.13,12745.41,2625.42,0,1104.3,198.774,Dec-17,669.46
68426240,2950,2950,2950,36 months,11.99,97.97,C,C1,,,MORTGAGE,22000,Verified,15-Dec,Fully Paid,n,https://lendingclub.com/browse/loanDetail.action?loan_id=68426240,,debt_consolidation,Debt consolidation,484xx,MI,16.58,0,3524.8799140840997,3524.88,2950,574.88,0,0,0,Jan-19,97.9
68365533,33100,33100,33100,60 months,24.24,956.84,F,F3,Registered Nurse,10+ years,MORTGAGE,72000,Source Verified,15-Dec,Charged Off,n,https://lendingclub.com/browse/loanDetail.action?loan_id=68365533,,debt_consolidation,Debt consolidation,359xx,AL,23.77,0,31886.58,31886.58,13336.7,18502.04,47.84,0,0,Mar-19,50
68446203,6000,6000,6000,36 months,17.27,214.73,D,D3,System Engineer,10+ years,MORTGAGE,120000,Verified,15-Dec,Fully Paid,n,https://lendingclub.com/browse/loanDetail.action?loan_id=68446203,,debt_consolidation,Debt consolidation,801xx,CO,23.03,0,7689.6836019703005,7689.68,6000,1689.68,0,0,0,Dec-18,214.43
68341583,14400,14400,14400,60 months,19.89,380.64,E,E3,Senior Loan Officer,5 years,RENT,96200,Source Verified,15-Dec,Current,n,https://lendingclub.com/browse/loanDetail.action?loan_id=68341583,,debt_consolidation,,330xx,FL,6.47,0,14424.54,14424.54,7431.27,6993.27,0,0,0,Feb-19,380.64
68396534,10500,10500,10500,60 months,17.97,266.46,D,D4,Detention Officer,1 year,RENT,28832,Verified,15-Dec,Charged Off,n,https://lendingclub.com/browse/loanDetail.action?loan_id=68396534,,debt_consolidation,Debt consolidation,294xx,SC,23.62,1,6062.02,6062.02,2237.41,2574.61,0,1250,225,Jul-17,308.41
68386468,12000,12000,12000,36 months,11.99,398.52,C,C1,Rsa,5 years,OWN,35000,Not Verified,15-Dec,Fully Paid,n,https://lendingclub.com/browse/loanDetail.action?loan_id=68386468,,debt_consolidation,Debt consolidation,178xx,PA,20.82,0,14326.499057048999,14326.5,12000,2326.5,0,0,0,Jan-19,398.28
68596499,20000,20000,20000,36 months,6.99,617.46,A,A3,MANAGING PARTNER,10+ years,MORTGAGE,120000,Not Verified,15-Dec,Fully Paid,n,https://lendingclub.com/browse/loanDetail.action?loan_id=68596499,,credit_card,Credit card refinancing,606xx,IL,16.8,0,22239.82882,22239.83,20000,2239.83,0,0,0,Jan-19,617.09
68182241,10000,10000,10000,36 months,19.48,369,E,E2,driver,1 year,MORTGAGE,150000,Source Verified,15-Dec,Fully Paid,n,https://lendingclub.com/browse/loanDetail.action?loan_id=68182241,,other,Other,881xx,NM,14.89,1,13042.150912133799,13042.15,10000,3042.15,0,0,0,Apr-18,3475.21
65916558,35000,35000,35000,60 months,19.48,917.19,E,E2,System Administrator,< 1 year,MORTGAGE,110000,Verified,15-Dec,Current,n,https://lendingclub.com/browse/loanDetail.action?loan_id=65916558,,debt_consolidation,Debt consolidation,207xx,MD,22.32,0,35042.61,35042.61,18144.38,16898.23,0,0,0,Mar-19,917.19
68356558,9525,9525,9525,36 months,13.99,325.5,C,C4,Accounting,6 years,MORTGAGE,55000,Source Verified,15-Dec,Charged Off,n,https://lendingclub.com/browse/loanDetail.action?loan_id=68356558,,credit_card,Credit card refinancing,943xx,CA,30.96,0,3973.34,3973.34,2260.62,975.87,0,736.85,132.63299999999998,Nov-16,325.5
68486892,20000,20000,20000,36 months,5.32,602.3,A,A1,"VP, Business Technology Mgr",2 years,MORTGAGE,187000,Not Verified,15-Dec,Fully Paid,n,https://lendingclub.com/browse/loanDetail.action?loan_id=68486892,,debt_consolidation,Debt consolidation,926xx,CA,14.68,0,21256.67656,21256.68,20000,1256.68,0,0,0,Jun-17,11599.2
68476311,14450,14450,14450,36 months,11.48,476.37,B,B5,Branch Manager,7 years,MORTGAGE,116300,Verified,15-Dec,Fully Paid,n,https://lendingclub.com/browse/loanDetail.action?loan_id=68476311,,debt_consolidation,Debt consolidation,295xx,SC,2.86,0,15098.01,15098.01,14450,648.01,0,0,0,May-16,13691.94
68616519,21600,21600,21600,36 months,6.99,666.85,A,A3,Director,3 years,MORTGAGE,120000,Not Verified,15-Dec,Fully Paid,n,https://lendingclub.com/browse/loanDetail.action?loan_id=68616519,,debt_consolidation,Debt consolidation,770xx,TX,20.73,0,23985.351861720697,23985.35,21600,2385.35,0,0,0,Dec-18,1333.42
68503812,12600,12600,12600,36 months,6.99,389,A,A3,Executive Assistant,1 year,RENT,73000,Not Verified,15-Dec,Fully Paid,n,https://lendingclub.com/browse/loanDetail.action?loan_id=68503812,,credit_card,Credit card refinancing,112xx,NY,5.56,0,13990.09716,13990.1,12600,1390.1,0,0,0,Dec-18,776.33
68446233,35000,35000,35000,60 months,15.77,846.87,D,D1,Underground Cable Splicer,10+ years,MORTGAGE,120000,Source Verified,15-Dec,Current,n,https://lendingclub.com/browse/loanDetail.action?loan_id=68446233,,debt_consolidation,Debt consolidation,481xx,MI,18.32,0,32228.32,32228.32,18908.95,13319.37,0,0,0,Mar-19,846.87
68566495,14800,14800,14800,36 months,15.77,518.65,D,D1,Program coordinator,7 years,RENT,48000,Verified,15-Dec,Charged Off,n,https://lendingclub.com/browse/loanDetail.action?loan_id=68566495,,debt_consolidation,Debt consolidation,985xx,WA,20.55,0,7955.45,7955.45,4562.81,2160.18,0,1232.46,221.8428,Feb-17,518.65
68486666,20000,20000,20000,36 months,13.44,678.13,C,C3,Child Family Service Specialist,1 year,RENT,53000,Verified,15-Dec,Charged Off,n,https://lendingclub.com/browse/loanDetail.action?loan_id=68486666,,debt_consolidation,Debt consolidation,089xx,NJ,15.29,0,13672.31,13672.31,9001.04,3167.97,0,1503.3,270.594,Jul-17,678.13
68606727,9600,9600,9600,36 months,11.48,316.48,B,B5,Assistant Principal,10+ years,RENT,110000,Not Verified,15-Dec,Fully Paid,n,https://lendingclub.com/browse/loanDetail.action?loan_id=68606727,,debt_consolidation,Debt consolidation,913xx,CA,13.83,0,10913.20923,10913.21,9600,1313.21,0,0,0,Jul-17,5548.36
68386692,11900,11900,11900,36 months,17.97,430.04,D,D4,SALES / CUSTOMER SERVICE ,3 years,MORTGAGE,34000,Verified,15-Dec,Fully Paid,n,https://lendingclub.com/browse/loanDetail.action?loan_id=68386692,,home_improvement,Home improvement,150xx,PA,32.83,0,15439.60378,15439.6,11900,3539.6,0,0,0,Jan-19,429.79
68446133,20800,20800,20800,60 months,18.99,539.45,E,E1,Business Analyst,< 1 year,RENT,60000,Source Verified,15-Dec,Fully Paid,n,https://lendingclub.com/browse/loanDetail.action?loan_id=68446133,,credit_card,Credit card refinancing,223xx,VA,29.6,0,23861.3,23861.3,20800,3061.3,0,0,0,Oct-16,19490.84
68376668,30000,30000,30000,36 months,10.78,979.04,B,B4,Business Consultant,10+ years,MORTGAGE,70000,Source Verified,15-Dec,Charged Off,n,https://lendingclub.com/browse/loanDetail.action?loan_id=68376668,,credit_card,Credit card refinancing,338xx,FL,22.99,0,28147.72,28147.72,22475.12,5623.65,48.95,0,0,Feb-19,203.15
68446257,12000,12000,12000,36 months,9.8,386.09,B,B3,Secretary,3 years,OWN,31200,Verified,15-Dec,Fully Paid,n,https://lendingclub.com/browse/loanDetail.action?loan_id=68446257,,credit_card,Credit card refinancing,339xx,FL,30.04,0,13882.511709868999,13882.51,12000,1882.51,0,0,0,Jan-19,385.69
68596384,5000,5000,5000,36 months,11.48,164.84,B,B5,Psychologist,2 years,MORTGAGE,85000,Source Verified,15-Dec,Fully Paid,n,https://lendingclub.com/browse/loanDetail.action?loan_id=68596384,,home_improvement,Home improvement,276xx,NC,8.28,15,5701.262749236899,5701.26,5000,701.26,0,0,0,Aug-17,2742.11
68425480,15000,15000,15000,60 months,17.97,380.66,D,D4,Book Keeper,2 years,RENT,45500,Verified,15-Dec,Charged Off,n,https://lendingclub.com/browse/loanDetail.action?loan_id=68425480,,debt_consolidation,Debt consolidation,071xx,NJ,30.95,0,10240.38,10240.38,5145.31,5095.07,0,0,0,Apr-18,380.66
68406823,18900,18900,18900,36 months,12.88,635.73,C,C2,Teacher,5 years,RENT,45000,Source Verified,15-Dec,Fully Paid,n,https://lendingclub.com/browse/loanDetail.action?loan_id=68406823,,debt_consolidation,Debt consolidation,224xx,VA,30.45,0,21851.40396,21851.4,18900,2951.4,0,0,0,Jul-17,11057.52
68587251,5000,5000,5000,36 months,7.91,156.48,A,A5,Librarian,10+ years,MORTGAGE,67000,Source Verified,15-Dec,Fully Paid,n,https://lendingclub.com/browse/loanDetail.action?loan_id=68587251,,debt_consolidation,Debt consolidation,226xx,VA,36.53,0,5627.559926071999,5627.56,5000,627.56,0,0,0,Jan-19,156.25
68606615,19850,19850,19850,36 months,10.78,647.8,B,B4,Business Officer 2,7 years,RENT,85005,Source Verified,15-Dec,Fully Paid,n,https://lendingclub.com/browse/loanDetail.action?loan_id=68606615,,credit_card,Credit card refinancing,113xx,NY,17.2,0,21698.275132760402,21698.28,19850,1848.28,0,0,0,Jan-17,14602.2
66585097,8000,8000,8000,36 months,13.99,273.39,C,C4,English Teacher,2 years,MORTGAGE,80000,Not Verified,15-Dec,Fully Paid,n,https://lendingclub.com/browse/loanDetail.action?loan_id=66585097,,debt_consolidation,Debt consolidation,220xx,VA,19.74,0,9428.580195615501,9428.58,8000,1428.58,0,0,0,Sep-17,4145.05
68566428,20000,20000,20000,60 months,16.59,492.66,D,D2,Lead Quality Inspector,4 years,MORTGAGE,100000,Source Verified,15-Dec,Fully Paid,n,https://lendingclub.com/browse/loanDetail.action?loan_id=68566428,,debt_consolidation,Debt consolidation,480xx,MI,20,0,22114.98,22114.98,20000,2114.98,0,0,0,Sep-16,11212.44
68426259,20000,20000,20000,60 months,13.99,465.27,C,C4,assistant manager,10+ years,OWN,60000,Not Verified,15-Dec,Charged Off,n,https://lendingclub.com/browse/loanDetail.action?loan_id=68426259,,debt_consolidation,Debt consolidation,681xx,NE,23.24,0,9584.18,9584.18,4047.77,3357.69,0,2178.72,21.7872,May-17,465.27
68566382,18000,18000,18000,60 months,19.89,475.79,E,E3,General Manager/Chef,7 years,RENT,50000,Source Verified,15-Dec,Current,n,https://lendingclub.com/browse/loanDetail.action?loan_id=68566382,,debt_consolidation,Debt consolidation,080xx,NJ,13.49,1,18030.3,18030.3,9288.56,8741.74,0,0,0,Feb-19,475.79
68340554,28000,28000,28000,60 months,22.45,780.52,F,F1,Deputy Sheriff,8 years,RENT,93000,Source Verified,15-Dec,Fully Paid,n,https://lendingclub.com/browse/loanDetail.action?loan_id=68340554,,debt_consolidation,,935xx,CA,17.73,0,33983.94029,33983.94,28000,5983.94,0,0,0,Jan-17,22366.93
67858498,12000,12000,12000,36 months,13.99,410.08,C,C4,Credit Operations Supervisor,3 years,RENT,50000,Verified,15-Dec,Fully Paid,n,https://lendingclub.com/browse/loanDetail.action?loan_id=67858498,,debt_consolidation,Debt consolidation,907xx,CA,20.31,0,14761.44957,14761.45,12000,2761.45,0,0,0,Nov-18,1153.49
68535954,15000,15000,15000,36 months,9.8,482.61,B,B3,Legal Secretary,4 years,RENT,52500,Not Verified,15-Dec,Fully Paid,n,https://lendingclub.com/browse/loanDetail.action?loan_id=68535954,,debt_consolidation,Debt consolidation,752xx,TX,4.96,0,17291.89627,17291.9,15000,2291.9,0,0,0,Dec-18,482.22
68386658,30000,30000,30000,36 months,7.49,933.05,A,A4,"Manager, Model Development QA",3 years,MORTGAGE,130000,Verified,15-Dec,Fully Paid,n,https://lendingclub.com/browse/loanDetail.action?loan_id=68386658,,credit_card,Credit card refinancing,945xx,CA,9.82,0,33558.54053,33558.54,30000,3558.54,0,0,0,Jan-19,933
68596392,17000,17000,17000,36 months,5.32,511.96,A,A1,Category Manager,5 years,MORTGAGE,98000,Source Verified,15-Dec,Fully Paid,n,https://lendingclub.com/browse/loanDetail.action?loan_id=68596392,,credit_card,Credit card refinancing,150xx,PA,9.21,0,18313.17622,18313.18,17000,1313.18,0,0,0,Feb-18,6003.53
68566477,12000,12000,12000,60 months,11.99,266.88,C,C1,Engineer,10+ years,MORTGAGE,67894,Verified,15-Dec,Current,n,https://lendingclub.com/browse/loanDetail.action?loan_id=68566477,,debt_consolidation,Debt consolidation,913xx,CA,23,0,10108.2,10108.2,6747.38,3360.82,0,0,0,Mar-19,266.88
68366607,15750,15750,15750,36 months,16.59,558.33,D,D2,Teacher,8 years,RENT,50000,Verified,15-Dec,Fully Paid,n,https://lendingclub.com/browse/loanDetail.action?loan_id=68366607,,debt_consolidation,Debt consolidation,662xx,KS,21.96,0,17642.44,17642.44,15750,1892.44,0,0,0,Oct-16,13212.09
68566410,5000,5000,5000,36 months,10.78,163.18,B,B4,Teacher,10+ years,OWN,55000,Not Verified,15-Dec,Fully Paid,n,https://lendingclub.com/browse/loanDetail.action?loan_id=68566410,,major_purchase,Major purchase,770xx,TX,30.98,1,5865.914551,5865.91,5000,865.91,0,0,0,Nov-18,488.46
68596525,24000,24000,24000,60 months,13.99,558.32,C,C4,executive chef,10+ years,MORTGAGE,115000,Verified,15-Dec,Fully Paid,n,https://lendingclub.com/browse/loanDetail.action?loan_id=68596525,,debt_consolidation,Debt consolidation,463xx,IN,17.71,0,30594.04193,30594.04,24000,6594.04,0,0,0,May-18,15566.03
68356423,15000,15000,15000,36 months,9.17,478.19,B,B2,Purchasing,10+ years,RENT,45000,Not Verified,15-Dec,Fully Paid,n,https://lendingclub.com/browse/loanDetail.action?loan_id=68356423,,debt_consolidation,Debt consolidation,241xx,VA,16.93,1,16875.77878,16875.78,15000,1875.78,0,0,0,Oct-17,7282.27
68363158,30000,30000,30000,60 months,13.44,689.37,C,C3,teacher,10+ years,MORTGAGE,70000,Source Verified,15-Dec,Fully Paid,n,https://lendingclub.com/browse/loanDetail.action?loan_id=68363158,,home_improvement,Home improvement,140xx,NY,12.08,0,35193.84636,35193.85,30000,5193.85,0,0,0,Jun-17,23530.56
68396428,4200,4200,4200,36 months,7.49,130.63,A,A4,Senior Technology Specialist ,10+ years,MORTGAGE,90000,Source Verified,15-Dec,Fully Paid,n,https://lendingclub.com/browse/loanDetail.action?loan_id=68396428,,credit_card,Credit card refinancing,850xx,AZ,24.85,0,4587.843283,4587.84,4200,387.84,0,0,0,Aug-17,2240.87
68547079,24000,24000,24000,60 months,8.49,492.29,B,B1,Analyst,3 years,MORTGAGE,93000,Not Verified,15-Dec,Current,n,https://lendingclub.com/browse/loanDetail.action?loan_id=68547079,,debt_consolidation,Debt consolidation,060xx,CT,14.98,0,19087.25,19087.25,14425.19,4662.06,0,0,0,Mar-19,492.29
68338640,6025,6025,6025,36 months,11.99,200.09,C,C1,Baker,7 years,RENT,25000,Source Verified,15-Dec,Fully Paid,n,https://lendingclub.com/browse/loanDetail.action?loan_id=68338640,,debt_consolidation,,017xx,MA,6.82,0,6781.734398221801,6781.73,6025,756.73,0,0,0,May-17,290.41
68536967,12250,12250,12250,60 months,9.17,255.31,B,B2,insurance agent ,< 1 year,MORTGAGE,110000,Source Verified,15-Dec,Current,n,https://lendingclub.com/browse/loanDetail.action?loan_id=68536967,,car,Car financing,201xx,VA,12.61,2,9700.3,9700.3,7093.6,2606.7,0,0,0,Mar-19,255.31
68435694,14850,14850,14850,60 months,18.49,381.07,D,D5,Billing/AR Coordinator,10+ years,MORTGAGE,45000,Verified,15-Dec,Charged Off,n,https://lendingclub.com/browse/loanDetail.action?loan_id=68435694,,debt_consolidation,Debt consolidation,780xx,TX,13.57,0,6058.98,6058.98,2738.92,3320.06,0,0,0,May-17,381.07
68496644,10000,10000,10000,36 months,6.49,306.45,A,A2,Police Sergeant,10+ years,MORTGAGE,106000,Not Verified,15-Dec,Fully Paid,n,https://lendingclub.com/browse/loanDetail.action?loan_id=68496644,,credit_card,Credit card refinancing,604xx,IL,16.45,0,11019.57233,11019.57,10000,1019.57,0,0,0,Nov-18,915.73
68536847,20000,20000,20000,60 months,19.89,528.66,E,E3,Director of Global Pricing,5 years,MORTGAGE,170000,Verified,15-Dec,Current,n,https://lendingclub.com/browse/loanDetail.action?loan_id=68536847,,debt_consolidation,Debt consolidation,110xx,NY,13.92,1,20033.83,20033.83,10320.85,9712.98,0,0,0,Feb-19,528.66
68536927,10000,10000,10000,36 months,11.48,329.67,B,B5,Police Officer,2 years,MORTGAGE,105000,Verified,15-Dec,Charged Off,n,https://lendingclub.com/browse/loanDetail.action?loan_id=68536927,,small_business,Business,301xx,GA,36.81,7,9567.19,9567.19,7777.46,1773.25,16.48,0,0,Jul-18,346.15
68546518,35000,35000,35000,36 months,12.88,1177.27,C,C2,Vice President Forecasting and Planning,1 year,MORTGAGE,240000,Source Verified,15-Dec,Fully Paid,n,https://lendingclub.com/browse/loanDetail.action?loan_id=68546518,,credit_card,Credit card refinancing,891xx,NV,4.3,0,42318.95087,42318.95,35000,7318.95,0,0,0,Jan-19,1177.11
68606692,15000,15000,15000,36 months,12.88,504.55,C,C2,Marketing Director,< 1 year,RENT,89000,Verified,15-Dec,Charged Off,n,https://lendingclub.com/browse/loanDetail.action?loan_id=68606692,,debt_consolidation,Debt consolidation,195xx,PA,34.58,0,2802.11,2802.11,1041.75,445.07,0,1315.29,236.7522,Apr-16,504.55
68476352,5000,5000,5000,36 months,11.99,166.05,C,C1,Sales,8 years,RENT,60000,Verified,15-Dec,Fully Paid,n,https://lendingclub.com/browse/loanDetail.action?loan_id=68476352,,moving,Moving and relocation,076xx,NJ,19.27,0,5969.369607,5969.37,5000,969.37,0,0,0,Jan-19,165.95
68386516,11000,11000,11000,36 months,13.99,375.91,C,C4,Application Analyst,3 years,RENT,65000,Verified,15-Dec,Fully Paid,n,https://lendingclub.com/browse/loanDetail.action?loan_id=68386516,,debt_consolidation,Debt consolidation,191xx,CA,21.88,0,13399.13112,13399.13,11000,2399.13,0,0,0,Sep-18,1434.29
68526519,5500,5500,5500,36 months,15.77,192.74,D,D1,Clinical Demand and Supply Lead,2 years,MORTGAGE,101000,Verified,15-Dec,Fully Paid,n,https://lendingclub.com/browse/loanDetail.action?loan_id=68526519,,vacation,Vacation,945xx,CA,25.55,0,6464.432997,6464.43,5500,964.43,0,0,0,May-17,3585.38
68386517,2500,2500,2500,36 months,11.99,83.03,C,C1,Administrative Assistant,< 1 year,MORTGAGE,50400,Source Verified,15-Dec,Fully Paid,n,https://lendingclub.com/browse/loanDetail.action?loan_id=68386517,,home_improvement,Home improvement,806xx,CO,12.48,0,2665.05,2665.05,2500,165.05,0,0,0,Jul-16,2179.55
68436580,21150,21150,21150,36 months,15.77,741.18,D,D1,Owner,5 years,MORTGAGE,52000,Source Verified,15-Dec,Fully Paid,n,https://lendingclub.com/browse/loanDetail.action?loan_id=68436580,,debt_consolidation,Debt consolidation,030xx,NH,26.17,0,26635.78868,26635.79,21150,5485.79,0,0,0,Jan-19,740.81
68426320,20000,20000,20000,36 months,11.48,659.33,B,B5,Business Manager,1 year,RENT,185000,Verified,15-Dec,Fully Paid,n,https://lendingclub.com/browse/loanDetail.action?loan_id=68426320,,debt_consolidation,Debt consolidation,640xx,MO,25.7,0,23703.98605,23703.99,20000,3703.99,0,0,0,Jan-19,659.33
68606272,5875,5875,5875,36 months,11.48,193.68,B,B5,MIT,3 years,RENT,25200,Source Verified,15-Dec,Fully Paid,n,https://lendingclub.com/browse/loanDetail.action?loan_id=68606272,,debt_consolidation,Debt consolidation,900xx,CA,10.48,0,6923.880794,6923.88,5875,1048.88,0,0,0,Jul-18,1138.43
68494601,24000,24000,24000,36 months,7.49,746.44,A,A4,Associate Director,10+ years,RENT,107000,Source Verified,15-Dec,Fully Paid,n,https://lendingclub.com/browse/loanDetail.action?loan_id=68494601,,car,Car financing,600xx,IL,15.15,0,26765.18657,26765.19,24000,2765.19,0,0,0,Jul-18,5143.4
68445286,12000,12000,12000,36 months,9.8,386.09,B,B3,Transportation COordinator,1 year,RENT,46000,Verified,15-Dec,Charged Off,n,https://lendingclub.com/browse/loanDetail.action?loan_id=68445286,,debt_consolidation,Debt consolidation,640xx,MO,27.42,0,8863.74,8863.74,7256.12,1607.62,0,0,0,Dec-17,386.09
68366171,19200,19200,19200,60 months,18.99,497.96,E,E1,Senior Project Manager,10+ years,OWN,113000,Source Verified,15-Dec,Charged Off,n,https://lendingclub.com/browse/loanDetail.action?loan_id=68366171,,debt_consolidation,Debt consolidation,193xx,PA,23.81,0,5703.84,5703.84,1641.75,2291.29,0,1770.8,318.744,Sep-16,497.96
68338634,8000,8000,8000,36 months,13.99,273.39,C,C4,,,MORTGAGE,50000,Not Verified,15-Dec,Fully Paid,n,https://lendingclub.com/browse/loanDetail.action?loan_id=68338634,,debt_consolidation,,207xx,MD,19.85,0,8375.9,8375.9,8000,375.9,0,0,0,May-16,7571.27
68526395,35000,35000,35000,60 months,19.89,925.15,E,E3,Analyst,< 1 year,RENT,76000,Verified,15-Dec,Current,n,https://lendingclub.com/browse/loanDetail.action?loan_id=68526395,,debt_consolidation,Debt consolidation,770xx,TX,21.98,0,35059.01,35059.01,18061.23,16997.78,0,0,0,Feb-19,925.15
68436531,28000,28000,28000,36 months,15.77,981.23,D,D1,Network Manager,8 years,MORTGAGE,105000,Not Verified,15-Dec,Fully Paid,n,https://lendingclub.com/browse/loanDetail.action?loan_id=68436531,,debt_consolidation,Debt consolidation,615xx,IL,28.35,0,34036.69685,34036.7,28000,6036.7,0,0,0,Nov-17,13492.2
68446068,13500,13500,13500,36 months,10.78,440.57,B,B4,General Manager,10+ years,RENT,77000,Source Verified,15-Dec,Charged Off,n,https://lendingclub.com/browse/loanDetail.action?loan_id=68446068,,credit_card,Credit card refinancing,925xx,CA,14.45,1,9643.69,9643.69,6961.41,1829.78,0,852.5,153.45,Sep-17,440.57
68396530,27825,27825,27825,60 months,14.85,659.77,C,C5,Utility Business Director,10+ years,MORTGAGE,73000,Not Verified,15-Dec,Current,n,https://lendingclub.com/browse/loanDetail.action?loan_id=68396530,,credit_card,Credit card refinancing,291xx,SC,22.62,4,32271.25,32271.25,22487,9784.25,0,0,0,Mar-19,659.77
68496665,11000,11000,11000,36 months,8.49,347.2,B,B1,Branch Chief,10+ years,MORTGAGE,125000,Verified,15-Dec,Fully Paid,n,https://lendingclub.com/browse/loanDetail.action?loan_id=68496665,,debt_consolidation,Debt consolidation,216xx,MD,27.87,1,12485.900999476002,12485.9,11000,1485.9,0,0,0,Jan-19,346.87
68376147,15000,15000,15000,36 months,10.78,489.52,B,B4,Teacher,3 years,MORTGAGE,46000,Not Verified,15-Dec,Fully Paid,n,https://lendingclub.com/browse/loanDetail.action?loan_id=68376147,,debt_consolidation,Debt consolidation,402xx,KY,30.65,1,17619.49559,17619.5,15000,2619.5,0,0,0,Sep-18,14.28
68526504,20000,20000,20000,36 months,9.8,643.47,B,B3,IT Manager,3 years,RENT,95000,Verified,15-Dec,Fully Paid,n,https://lendingclub.com/browse/loanDetail.action?loan_id=68526504,,debt_consolidation,Debt consolidation,112xx,NY,21.31,0,23068.51339,23068.51,20000,3068.51,0,0,0,Dec-18,643.36
68575042,28000,28000,28000,60 months,14.85,663.92,C,C5,Operations Manager,10+ years,MORTGAGE,110000,Not Verified,15-Dec,Late (31-120 days),n,https://lendingclub.com/browse/loanDetail.action?loan_id=68575042,,debt_consolidation,Debt consolidation,061xx,CT,24.02,0,23144.8,23144.8,13799.13,9345.67,0,0,0,Dec-18,663.92
68606606,35000,35000,35000,36 months,9.8,1126.07,B,B3,director of pharmacy,10+ years,OWN,173000,Verified,15-Dec,Fully Paid,n,https://lendingclub.com/browse/loanDetail.action?loan_id=68606606,,credit_card,Credit card refinancing,080xx,NJ,22.42,0,40608.845698351404,40608.85,35000,5608.85,0,0,0,Nov-18,3353.27
66505903,24000,24000,24000,60 months,15.77,580.71,D,D1,Management Program Analyst,< 1 year,OWN,72219,Not Verified,15-Dec,Current,n,https://lendingclub.com/browse/loanDetail.action?loan_id=66505903,,debt_consolidation,Debt consolidation,211xx,MD,12.07,0,22014.41,22014.41,12968.13,9046.28,0,0,0,Feb-19,580.71
68406948,10000,10000,10000,60 months,22.45,278.76,F,F1,,,OWN,28600,Verified,15-Dec,Current,n,https://lendingclub.com/browse/loanDetail.action?loan_id=68406948,,major_purchase,Major purchase,925xx,CA,26.65,0,10592.88,10592.88,5010.71,5582.17,0,0,0,Mar-19,278.76
68356482,35000,35000,35000,60 months,11.48,769.39,B,B5,Network IT,2 years,MORTGAGE,80000,Source Verified,15-Dec,Current,n,https://lendingclub.com/browse/loanDetail.action?loan_id=68356482,,debt_consolidation,Debt consolidation,220xx,VA,5.67,0,29181.01,29181.01,19801.23,9379.78,0,0,0,Feb-19,769.39
68587164,25000,25000,25000,60 months,19.89,660.82,E,E3,SR Analyst,1 year,MORTGAGE,80000,Not Verified,15-Dec,Current,n,https://lendingclub.com/browse/loanDetail.action?loan_id=68587164,,debt_consolidation,Debt consolidation,206xx,MD,21.53,5,25582.34,25582.34,13355.07,12227.27,0,0,0,Mar-19,660.82
68376503,10000,10000,10000,60 months,11.48,219.83,B,B5,Manager,10+ years,MORTGAGE,55000,Not Verified,15-Dec,Fully Paid,n,https://lendingclub.com/browse/loanDetail.action?loan_id=68376503,,credit_card,Credit card refinancing,170xx,PA,22.74,0,11064.72422,11064.72,10000,1064.72,0,0,0,Jan-17,8662.53
68547026,9000,9000,9000,36 months,9.17,286.92,B,B2,Principal,2 years,MORTGAGE,105000,Source Verified,15-Dec,Fully Paid,n,https://lendingclub.com/browse/loanDetail.action?loan_id=68547026,,debt_consolidation,Debt consolidation,112xx,NY,6.31,3,10000.962325758299,10000.96,9000,1000.96,0,0,0,Aug-17,4847.86
68616501,25000,25000,25000,60 months,18.49,641.52,D,D5,Chief engineer,10+ years,MORTGAGE,100000,Not Verified,15-Dec,Current,n,https://lendingclub.com/browse/loanDetail.action?loan_id=68616501,,debt_consolidation,Debt consolidation,221xx,VA,5.58,0,24313.56,24313.56,13106.7,11206.86,0,0,0,Feb-19,641.52
67378611,8400,8400,8400,36 months,16.59,297.78,D,D2,Owner/Principal ,3 years,RENT,51000,Source Verified,15-Dec,Charged Off,n,https://lendingclub.com/browse/loanDetail.action?loan_id=67378611,,other,Other,199xx,DE,13.27,0,7366.22,7366.22,4869.71,2010.13,0,486.38,87.5484,Dec-17,297.78
68232772,20000,20000,20000,36 months,12.88,672.73,C,C2,CRA Coordinator,10+ years,RENT,65000,Source Verified,15-Dec,Fully Paid,n,https://lendingclub.com/browse/loanDetail.action?loan_id=68232772,,debt_consolidation,Debt consolidation,339xx,FL,16.49,0,24182.22194,24182.22,20000,4182.22,0,0,0,Jan-19,672.45
68364617,22500,22500,22500,60 months,7.91,455.26,A,A5,Accountant,10+ years,MORTGAGE,93000,Not Verified,15-Dec,Fully Paid,n,https://lendingclub.com/browse/loanDetail.action?loan_id=68364617,,debt_consolidation,Debt consolidation,210xx,MD,14.34,0,25239.286068744903,25239.29,22500,2739.29,0,0,0,Oct-17,16158.81
68132792,20000,20000,20000,60 months,11.99,444.79,C,C1,Client Support Specialist II,10+ years,MORTGAGE,43000,Verified,15-Dec,Current,n,https://lendingclub.com/browse/loanDetail.action?loan_id=68132792,,debt_consolidation,Debt consolidation,152xx,PA,10.58,0,16868.71,16868.71,11254.6,5614.11,0,0,0,Feb-19,444.79
68396564,20000,20000,20000,36 months,18.49,727.98,D,D5,Director Validation Services,8 years,RENT,137000,Source Verified,15-Dec,Fully Paid,n,https://lendingclub.com/browse/loanDetail.action?loan_id=68396564,,debt_consolidation,Debt consolidation,146xx,NY,18.48,0,20267.01,20267.01,19999.99,267.02,0,0,0,Mar-16,20.47
67237769,21000,21000,21000,36 months,11.99,697.41,C,C1,owner,5 years,MORTGAGE,63000,Not Verified,15-Dec,Fully Paid,n,https://lendingclub.com/browse/loanDetail.action?loan_id=67237769,,debt_consolidation,Debt consolidation,494xx,MI,28.69,0,25076.65357,25076.65,21000,4076.65,0,0,0,Feb-19,4.86
68495065,18700,18700,18700,60 months,13.99,435.02,C,C4,Business Loan Officer,< 1 year,MORTGAGE,55000,Not Verified,15-Dec,Fully Paid,n,https://lendingclub.com/browse/loanDetail.action?loan_id=68495065,,debt_consolidation,Debt consolidation,751xx,TX,30.81,0,20616.29,20616.29,18700,1916.29,0,0,0,Oct-16,17172.47
68416470,35000,35000,35000,60 months,11.99,778.38,C,C1,"AML Risk Manager, VP",2 years,MORTGAGE,175000,Source Verified,15-Dec,Fully Paid,n,https://lendingclub.com/browse/loanDetail.action?loan_id=68416470,,debt_consolidation,Debt consolidation,940xx,CA,33.8,0,43636.427435046004,43636.43,35000,8636.43,0,0,0,Aug-18,20343.31
68341358,21000,21000,21000,36 months,6.99,648.33,A,A3,Sales Manager,10+ years,MORTGAGE,85000,Not Verified,15-Dec,Fully Paid,n,https://lendingclub.com/browse/loanDetail.action?loan_id=68341358,,debt_consolidation,,012xx,MA,24,3,23158.35237,23158.35,21000,2158.35,0,0,0,Apr-18,6322.16
68416483,30000,30000,30000,36 months,13.44,1017.19,C,C3,Project Controller,5 years,MORTGAGE,106000,Source Verified,15-Dec,Fully Paid,n,https://lendingclub.com/browse/loanDetail.action?loan_id=68416483,,credit_card,Credit card refinancing,234xx,VA,14.19,0,35611.39329,35611.39,30000,5611.39,0,0,0,Dec-17,13282.21
68426305,14000,14000,14000,36 months,16.59,496.29,D,D2,,,MORTGAGE,124596,Verified,15-Dec,Fully Paid,n,https://lendingclub.com/browse/loanDetail.action?loan_id=68426305,,other,Other,347xx,FL,23.73,0,17834.0023,17834,14000,3834,0,0,0,Jan-19,496.11
68546834,30000,30000,30000,60 months,13.44,689.37,C,C3,Legal admin asst,1 year,MORTGAGE,60000,Source Verified,15-Dec,Current,n,https://lendingclub.com/browse/loanDetail.action?loan_id=68546834,,debt_consolidation,Debt consolidation,080xx,NJ,24.68,0,26140.06,26140.06,16623.91,9516.15,0,0,0,Feb-19,689.37
68516477,24000,24000,24000,36 months,5.32,722.76,A,A1,VP Marketing,2 years,RENT,450000,Source Verified,15-Dec,Fully Paid,n,https://lendingclub.com/browse/loanDetail.action?loan_id=68516477,,major_purchase,Major purchase,069xx,CT,0.7,1,25862.37687,25862.38,24000,1862.38,0,0,0,Apr-18,7088.35
66220405,35000,35000,35000,60 months,10.78,757.16,B,B4,CLINICAL SOCIAL WORKER,10+ years,RENT,89000,Source Verified,15-Dec,Fully Paid,n,https://lendingclub.com/browse/loanDetail.action?loan_id=66220405,,credit_card,Credit card refinancing,111xx,NY,19.26,0,38457.10738,38457.11,35000,3457.11,0,0,0,Jan-17,30317
68614208,35000,35000,35000,60 months,18.99,907.73,E,E1,Director of Clinical Finance,5 years,MORTGAGE,104500,Source Verified,15-Dec,Current,n,https://lendingclub.com/browse/loanDetail.action?loan_id=68614208,,debt_consolidation,Debt consolidation,720xx,AR,20.52,0,34401.43,34401.43,18246.38,16155.05,0,0,0,Feb-19,907.73
68476170,3225,3225,3225,36 months,20.5,120.68,E,E4,Accounting Clerk,5 years,MORTGAGE,35000,Not Verified,15-Dec,Charged Off,n,https://lendingclub.com/browse/loanDetail.action?loan_id=68476170,,debt_consolidation,Debt consolidation,601xx,IL,24.01,3,594.22,594.22,339.33,254.89,0,0,0,Jun-16,120.68
68386660,28000,28000,28000,36 months,6.49,858.05,A,A2,Sr Database Specialist,3 years,MORTGAGE,108000,Source Verified,15-Dec,Fully Paid,n,https://lendingclub.com/browse/loanDetail.action?loan_id=68386660,,credit_card,Credit card refinancing,760xx,TX,14.63,0,30565.12328,30565.12,28000,2565.12,0,0,0,Feb-18,9997.16
68594018,7200,7200,7200,36 months,9.17,229.53,B,B2,RRT,10+ years,MORTGAGE,60000,Not Verified,15-Dec,Fully Paid,n,https://lendingclub.com/browse/loanDetail.action?loan_id=68594018,,debt_consolidation,Debt consolidation,755xx,TX,24.6,0,7775.570603,7775.57,7200,575.57,0,0,0,Feb-17,2.87
68374108,12000,12000,12000,36 months,9.8,386.09,B,B3,Event Coordinator,5 years,RENT,43000,Source Verified,15-Dec,Fully Paid,n,https://lendingclub.com/browse/loanDetail.action?loan_id=68374108,,debt_consolidation,Debt consolidation,601xx,IL,18.28,0,13463.787733455802,13463.79,12000,1463.79,0,0,0,Aug-17,6164.01
68506366,21000,21000,21000,60 months,17.97,532.92,D,D4,Sr. Solution Architect,< 1 year,RENT,134000,Source Verified,15-Dec,Current,n,https://lendingclub.com/browse/loanDetail.action?loan_id=68506366,,debt_consolidation,Debt consolidation,494xx,MI,26.05,2,20198.55,20198.55,11069.13,9129.42,0,0,0,Feb-19,532.92
68516442,35000,35000,35000,60 months,19.48,917.19,E,E2,Chief Warrant Officer 3,10+ years,MORTGAGE,123000,Source Verified,15-Dec,Fully Paid,n,https://lendingclub.com/browse/loanDetail.action?loan_id=68516442,,debt_consolidation,Debt consolidation,308xx,GA,21.53,0,48259.60178,48259.6,35000,13259.6,0,0,0,Apr-18,24223.27
68476251,12000,12000,12000,36 months,5.32,361.38,A,A1,Infrastructure Engineer,< 1 year,MORTGAGE,118000,Not Verified,15-Dec,Fully Paid,n,https://lendingclub.com/browse/loanDetail.action?loan_id=68476251,,debt_consolidation,Debt consolidation,760xx,TX,14.06,0,12999.85735,12999.86,12000,999.86,0,0,0,Dec-18,721.81
68616576,18000,18000,18000,60 months,10.78,389.4,B,B4,Office Manager,1 year,OWN,38000,Not Verified,15-Dec,Current,n,https://lendingclub.com/browse/loanDetail.action?loan_id=68616576,,car,Car financing,477xx,IN,6.06,0,17041.16,17041.16,12728.18,4312.98,0,0,0,Mar-19,1039.4
68466390,5000,5000,5000,36 months,7.91,156.48,A,A5,Parts,7 years,OWN,38000,Source Verified,15-Dec,Fully Paid,n,https://lendingclub.com/browse/loanDetail.action?loan_id=68466390,,credit_card,Credit card refinancing,153xx,PA,11.78,0,5627.967830228001,5627.97,5000,627.97,0,0,0,Jan-19,156.66
68545253,25000,25000,25000,36 months,13.99,854.32,C,C4,Director of Major Gifts,6 years,RENT,85000,Source Verified,15-Dec,Fully Paid,n,https://lendingclub.com/browse/loanDetail.action?loan_id=68545253,,debt_consolidation,Debt consolidation,802xx,CO,11.11,0,30706.910076717002,30706.91,25000,5706.91,0,0,0,Jan-19,854.29
68586213,8750,8750,8750,36 months,18.99,320.7,E,E1,Office Manager,1 year,RENT,29524.32,Verified,15-Dec,Charged Off,n,https://lendingclub.com/browse/loanDetail.action?loan_id=68586213,,debt_consolidation,Debt consolidation,606xx,IL,46.71,0,7575.68,7575.68,4497.71,2153.9,0,924.07,166.3326,Sep-17,320.7
68616531,6600,6600,6600,36 months,19.48,243.54,E,E2,COO,4 years,MORTGAGE,240000,Source Verified,15-Dec,Fully Paid,n,https://lendingclub.com/browse/loanDetail.action?loan_id=68616531,,debt_consolidation,Debt consolidation,451xx,OH,7.04,2,7143.81,7143.81,6600,543.81,0,0,0,Jun-16,6180.52
68566440,10000,10000,10000,36 months,9.17,318.79,B,B2,Sr. Engineer,2 years,OWN,110000,Not Verified,15-Dec,Fully Paid,n,https://lendingclub.com/browse/loanDetail.action?loan_id=68566440,,credit_card,Credit card refinancing,275xx,NC,28.37,2,11440.09722,11440.1,10000,1440.1,0,0,0,Aug-18,1882.64
68426365,12500,12500,12500,36 months,10.78,407.94,B,B4,Sales ,10+ years,MORTGAGE,34000,Verified,15-Dec,Fully Paid,n,https://lendingclub.com/browse/loanDetail.action?loan_id=68426365,,debt_consolidation,Debt consolidation,346xx,FL,27.11,0,13905.8978,13905.9,12500,1405.9,0,0,0,Apr-17,8213.46
68415164,26250,26250,26250,60 months,13.99,610.66,C,C4,Corrections officer ,10+ years,MORTGAGE,65000,Verified,15-Dec,Fully Paid,n,https://lendingclub.com/browse/loanDetail.action?loan_id=68415164,,debt_consolidation,Debt consolidation,123xx,NY,26.9,0,26736.93,26736.93,26250,486.93,0,0,0,Feb-16,26787.94
68535503,24000,24000,24000,60 months,12.88,544.61,C,C2,Police Officer,10+ years,MORTGAGE,186000,Source Verified,15-Dec,Fully Paid,n,https://lendingclub.com/browse/loanDetail.action?loan_id=68535503,,debt_consolidation,Debt consolidation,951xx,CA,8.29,0,29962.9828,29962.98,24000,5962.98,0,0,0,May-18,15301.44
68486640,11000,11000,11000,60 months,11.99,244.64,C,C1,Regional Sales Manager,7 years,MORTGAGE,101000,Not Verified,15-Dec,Current,n,https://lendingclub.com/browse/loanDetail.action?loan_id=68486640,,debt_consolidation,Debt consolidation,630xx,MO,19.04,0,9830.64,9830.64,6927.14,2903.5,0,0,0,Mar-19,244.64
68062856,15000,15000,15000,36 months,11.48,494.5,B,B5,RN Charge Nurse,9 years,RENT,90000,Source Verified,15-Dec,Fully Paid,n,https://lendingclub.com/browse/loanDetail.action?loan_id=68062856,,debt_consolidation,Debt consolidation,300xx,GA,14.89,1,16184.68,16184.68,15000,1184.68,0,0,0,Oct-16,7952.6
68242632,13750,13750,13750,36 months,16.59,487.43,D,D2,TW,10+ years,MORTGAGE,27500,Source Verified,15-Dec,Fully Paid,n,https://lendingclub.com/browse/loanDetail.action?loan_id=68242632,,debt_consolidation,Debt consolidation,286xx,NC,36.36,0,15120.74,15120.74,13750,1370.74,0,0,0,Sep-16,11740.41
68506347,10500,10500,10500,60 months,9.8,222.07,B,B3,CORRECTIONS,10+ years,OWN,45000,Not Verified,15-Dec,Current,n,https://lendingclub.com/browse/loanDetail.action?loan_id=68506347,,credit_card,Credit card refinancing,330xx,FL,7.39,0,8915.51,8915.51,6546.83,2368.68,0,0,0,Mar-19,222.07
68466436,35000,35000,35000,60 months,24.24,1011.77,F,F3,Demand Planning Manager,< 1 year,MORTGAGE,117000,Source Verified,15-Dec,Fully Paid,n,https://lendingclub.com/browse/loanDetail.action?loan_id=68466436,,debt_consolidation,Debt consolidation,601xx,IL,16.82,0,42610.06331,42610.06,35000,7610.06,0,0,0,Nov-16,33268.46
68606663,7000,7000,7000,36 months,12.88,235.46,C,C2,Legal processing assistant II,10+ years,RENT,65000,Source Verified,15-Dec,Fully Paid,n,https://lendingclub.com/browse/loanDetail.action?loan_id=68606663,,vacation,Vacation,925xx,CA,6.68,1,8334.516425,8334.52,7000,1334.52,0,0,0,Jul-18,218.7
68615300,5600,5600,5600,36 months,9.8,180.18,B,B3,Nuclear Medicine Supervisor ,10+ years,MORTGAGE,91500,Source Verified,15-Dec,Fully Paid,n,https://lendingclub.com/browse/loanDetail.action?loan_id=68615300,,debt_consolidation,Debt consolidation,282xx,NC,30.79,3,5927,5927,5600,327,0,0,0,Aug-16,4853.54
67889088,21000,21000,21000,36 months,9.17,669.46,B,B2,Security Specilaist,8 years,MORTGAGE,150000,Source Verified,15-Dec,Fully Paid,n,https://lendingclub.com/browse/loanDetail.action?loan_id=67889088,,debt_consolidation,Debt consolidation,117xx,NY,13.09,0,24025.98653,24025.99,21000,3025.99,0,0,0,Sep-18,3299.48
68436509,15000,15000,15000,36 months,5.32,451.73,A,A1,Professor,4 years,MORTGAGE,85000,Not Verified,15-Dec,Fully Paid,n,https://lendingclub.com/browse/loanDetail.action?loan_id=68436509,,debt_consolidation,Debt consolidation,570xx,SD,13.56,1,16188.27187,16188.27,15000,1188.27,0,0,0,Dec-18,340.53
68606744,14725,14725,14725,60 months,14.85,349.15,C,C5,Front Office Supervisor,5 years,OWN,33500,Not Verified,15-Dec,Current,n,https://lendingclub.com/browse/loanDetail.action?loan_id=68606744,,debt_consolidation,Debt consolidation,631xx,MO,20.92,0,13237.33,13237.33,8036.59,5200.74,0,0,0,Feb-19,349.15
68566430,6400,6400,6400,36 months,9.17,204.03,B,B2,Senior Administrative Assistant,6 years,RENT,53000,Not Verified,15-Dec,Fully Paid,n,https://lendingclub.com/browse/loanDetail.action?loan_id=68566430,,debt_consolidation,Debt consolidation,118xx,NY,14.4,0,6766.38,6766.38,6400,366.38,0,0,0,Sep-16,5346.32
68426263,8400,8400,8400,36 months,9.8,270.26,B,B3,Teacher,10+ years,RENT,72701,Verified,15-Dec,Fully Paid,n,https://lendingclub.com/browse/loanDetail.action?loan_id=68426263,,credit_card,Credit card refinancing,302xx,GA,20.42,1,9717.776162,9717.78,8400,1317.78,0,0,0,Jan-19,270.11
68596155,20000,20000,20000,60 months,15.77,483.93,D,D1,sales,6 years,MORTGAGE,150000,Not Verified,15-Dec,Fully Paid,n,https://lendingclub.com/browse/loanDetail.action?loan_id=68596155,,other,Other,210xx,MD,11.66,1,21822.27,21822.27,20000,1822.27,0,0,0,Aug-16,18962.5
67999602,15000,15000,15000,36 months,14.85,518.88,C,C5,,,MORTGAGE,37534.44,Verified,15-Dec,Fully Paid,n,https://lendingclub.com/browse/loanDetail.action?loan_id=67999602,,debt_consolidation,Debt consolidation,926xx,CA,31.44,0,18710.56229,18710.56,15000,3710.56,0,0,0,Jan-19,518.83
68406962,28000,28000,28000,60 months,11.99,622.71,C,C1,Teacher,9 years,MORTGAGE,97666.07,Not Verified,15-Dec,Current,n,https://lendingclub.com/browse/loanDetail.action?loan_id=68406962,,home_improvement,Home improvement,923xx,CA,9.07,0,23643.63,23643.63,15755.14,7888.49,0,0,0,Mar-19,622.71
68436451,25000,25000,25000,60 months,9.17,521.03,B,B2,Lead Organizer,8 years,MORTGAGE,70000,Not Verified,15-Dec,Current,n,https://lendingclub.com/browse/loanDetail.action?loan_id=68436451,,credit_card,Credit card refinancing,183xx,PA,15.16,0,20212.92,20212.92,14926.99,5285.93,0,0,0,Mar-19,521.03
68476224,13600,13600,13600,36 months,11.48,448.35,B,B5,Correctional Officer Captain,10+ years,MORTGAGE,61983,Source Verified,15-Dec,Fully Paid,n,https://lendingclub.com/browse/loanDetail.action?loan_id=68476224,,debt_consolidation,Debt consolidation,218xx,MD,2.87,0,15026.6399,15026.64,13600,1426.64,0,0,0,Feb-17,9668.12
68547082,18000,18000,18000,36 months,13.99,615.11,C,C4,Contract Processor,3 years,OWN,63000,Not Verified,15-Dec,Fully Paid,n,https://lendingclub.com/browse/loanDetail.action?loan_id=68547082,,debt_consolidation,Debt consolidation,207xx,MD,17.49,0,22129.96372,22129.96,18000,4129.96,0,0,0,Jan-19,615.11
67268365,35000,35000,35000,60 months,18.49,898.13,D,D5,Deputy Director,10+ years,OWN,160000,Source Verified,15-Dec,Fully Paid,n,https://lendingclub.com/browse/loanDetail.action?loan_id=67268365,,debt_consolidation,Debt consolidation,210xx,MD,14.65,1,46342.57305,46342.57,35000,11342.57,0,0,0,Jan-18,25775.46
68356386,20000,20000,20000,36 months,8.49,631.26,B,B1,plumber,10+ years,OWN,58000,Verified,15-Dec,Fully Paid,n,https://lendingclub.com/browse/loanDetail.action?loan_id=68356386,,debt_consolidation,Debt consolidation,751xx,TX,31.24,0,22511.233659331603,22511.23,20000,2511.23,0,0,0,Mar-18,6753.31
68587253,20000,20000,20000,36 months,5.32,602.3,A,A1,Central ,10+ years,RENT,139000,Not Verified,15-Dec,Fully Paid,n,https://lendingclub.com/browse/loanDetail.action?loan_id=68587253,,credit_card,Credit card refinancing,113xx,NY,9.24,0,21672.8398,21672.84,20000,1672.84,0,0,0,Jan-19,602.13
68436387,11075,11075,11075,60 months,26.06,331.99,F,F5,assistant manager,10+ years,OWN,55000,Verified,15-Dec,Current,n,https://lendingclub.com/browse/loanDetail.action?loan_id=68436387,,debt_consolidation,Debt consolidation,880xx,NM,28.77,1,12695.78,12695.78,5317.39,7378.39,0,0,0,Mar-19,331.99
68232437,11200,11200,11200,36 months,9.17,357.05,B,B2,baker trainer supervisor,10+ years,MORTGAGE,53000,Not Verified,15-Dec,Fully Paid,n,https://lendingclub.com/browse/loanDetail.action?loan_id=68232437,,debt_consolidation,Debt consolidation,853xx,AZ,11.96,0,12694.75218,12694.75,11200,1494.75,0,0,0,Mar-18,3782.76
68338627,25000,25000,25000,36 months,6.49,766.12,A,A2,"Designer, Lead",2 years,MORTGAGE,62000,Source Verified,15-Dec,Fully Paid,n,https://lendingclub.com/browse/loanDetail.action?loan_id=68338627,,credit_card,,310xx,GA,27.24,0,27311.677995396498,27311.68,25000,2311.68,0,0,0,Feb-18,8221.78
68577474,2500,2500,2500,36 months,7.91,78.24,A,A5,Customer Service,6 years,RENT,29000,Source Verified,15-Dec,Fully Paid,n,https://lendingclub.com/browse/loanDetail.action?loan_id=68577474,,debt_consolidation,Debt consolidation,750xx,TX,21.19,0,2814.030385,2814.03,2500,314.03,0,0,0,Feb-19,0.14
67909152,15000,15000,15000,60 months,11.48,329.74,B,B5,A/B- merchant marine,7 years,OWN,65000,Not Verified,15-Dec,Current,n,https://lendingclub.com/browse/loanDetail.action?loan_id=67909152,,debt_consolidation,Debt consolidation,076xx,NJ,6.63,0,12525.33,12525.33,8486.3,4039.03,0,0,0,Mar-19,329.74
68587297,16000,16000,16000,36 months,8.49,505.01,B,B1,Clinical Data Manager,1 year,RENT,75000,Not Verified,15-Dec,Fully Paid,n,https://lendingclub.com/browse/loanDetail.action?loan_id=68587297,,debt_consolidation,Debt consolidation,770xx,TX,19.44,1,17452.871150555202,17452.87,16000,1452.87,0,0,0,May-17,9896.59
67605440,5600,5600,5600,36 months,13.44,189.88,C,C3,nurse,10+ years,RENT,50000,Source Verified,15-Dec,Charged Off,n,https://lendingclub.com/browse/loanDetail.action?loan_id=67605440,,debt_consolidation,Debt consolidation,201xx,VA,28.73,0,2945.56,2945.56,1768.64,689.35,0,487.57,87.7626,Feb-17,189.88
68354914,10000,10000,10000,36 months,7.49,311.02,A,A4,Custodian,10+ years,RENT,70000,Not Verified,15-Dec,Fully Paid,n,https://lendingclub.com/browse/loanDetail.action?loan_id=68354914,,home_improvement,Home improvement,079xx,NJ,13.3,0,11021.34721,11021.35,10000,1021.35,0,0,0,Dec-17,4189.31
68416372,3200,3200,3200,36 months,9.8,102.96,B,B3,,,MORTGAGE,24000,Not Verified,15-Dec,Charged Off,n,https://lendingclub.com/browse/loanDetail.action?loan_id=68416372,,credit_card,Credit card refinancing,329xx,FL,18.05,1,3386.44,3386.44,2818.61,477.83,90,0,0,Nov-18,101
68142737,28000,28000,28000,36 months,5.32,843.22,A,A1,BI architect,4 years,MORTGAGE,135000,Source Verified,15-Dec,Fully Paid,n,https://lendingclub.com/browse/loanDetail.action?loan_id=68142737,,credit_card,Credit card refinancing,604xx,IL,8.56,0,30206.295661172997,30206.3,28000,2206.3,0,0,0,May-18,7460.05
68486647,15000,15000,15000,36 months,10.78,489.52,B,B4,Registerd Nurse,10+ years,MORTGAGE,75000,Source Verified,15-Dec,Fully Paid,n,https://lendingclub.com/browse/loanDetail.action?loan_id=68486647,,debt_consolidation,Debt consolidation,362xx,AL,26.24,0,17336.05504,17336.06,15000,2336.06,0,0,0,Feb-18,5601.06
68547031,21600,21600,21600,36 months,6.99,666.85,A,A3,Outside Sales,1 year,MORTGAGE,120000,Source Verified,15-Dec,Fully Paid,n,https://lendingclub.com/browse/loanDetail.action?loan_id=68547031,,debt_consolidation,Debt consolidation,300xx,GA,15.84,0,22278.99,22278.99,21600,678.99,0,0,0,Jun-16,19632.56
68416415,15000,15000,15000,60 months,8.49,307.68,B,B1,Teacher,10+ years,MORTGAGE,54000,Verified,15-Dec,Current,n,https://lendingclub.com/browse/loanDetail.action?loan_id=68416415,,debt_consolidation,Debt consolidation,633xx,MO,22.02,0,11674.15,11674.15,8752.21,2921.94,0,0,0,Feb-19,307.68
68486835,10000,10000,10000,36 months,5.32,301.15,A,A1,Director of Adolescent Services,9 years,MORTGAGE,75000,Not Verified,15-Dec,Fully Paid,n,https://lendingclub.com/browse/loanDetail.action?loan_id=68486835,,credit_card,Credit card refinancing,064xx,CT,3.86,0,10461.175658915301,10461.18,10000,461.18,0,0,0,Sep-17,246.72
68616377,24000,24000,24000,60 months,19.48,628.93,E,E2,IT Manager,10+ years,MORTGAGE,116500,Source Verified,15-Dec,Current,n,https://lendingclub.com/browse/loanDetail.action?loan_id=68616377,,credit_card,Credit card refinancing,740xx,OK,17.54,0,25299.07,25299.07,14002,11234.17,62.9,0,0,Feb-19,1179.89
68386525,5000,5000,5000,36 months,9.8,160.87,B,B3,Distrist Manager,10+ years,OWN,92000,Verified,15-Dec,Charged Off,n,https://lendingclub.com/browse/loanDetail.action?loan_id=68386525,,credit_card,Credit card refinancing,440xx,OH,16.01,1,2350.4,2350.4,1506.94,432.03,0,411.43,74.0574,Jan-17,160.87
68606589,18200,18200,18200,60 months,8.49,373.32,B,B1,Nurse Educator,3 years,RENT,150000,Not Verified,15-Dec,Current,n,https://lendingclub.com/browse/loanDetail.action?loan_id=68606589,,debt_consolidation,Debt consolidation,900xx,CA,12.06,0,14164.7,14164.7,10619.42,3545.28,0,0,0,Feb-19,373.32
68616366,12000,12000,12000,36 months,6.49,367.74,A,A2,CEO,3 years,MORTGAGE,73000,Not Verified,15-Dec,Fully Paid,n,https://lendingclub.com/browse/loanDetail.action?loan_id=68616366,,credit_card,Credit card refinancing,373xx,TN,14.75,0,12979.253970541002,12979.25,12000,979.25,0,0,0,Sep-17,5503.01
67275715,15175,15175,15175,36 months,17.27,543.08,D,D3,Mail Handler,2 years,MORTGAGE,58000,Source Verified,15-Dec,Charged Off,n,https://lendingclub.com/browse/loanDetail.action?loan_id=67275715,,home_improvement,Home improvement,606xx,IL,7.57,0,4308.24,4308.24,2732.16,1576.08,0,0,0,Sep-16,543.08
68341406,21000,21000,21000,36 months,9.17,669.46,B,B2,Angio Tech III,< 1 year,RENT,80000,Source Verified,15-Dec,Fully Paid,n,https://lendingclub.com/browse/loanDetail.action?loan_id=68341406,,debt_consolidation,,328xx,FL,14.69,0,24014.85436,24014.85,21000,3014.85,0,0,0,Dec-18,669.35
68396437,7000,7000,7000,36 months,5.32,210.81,A,A1,,,RENT,16968,Verified,15-Dec,Fully Paid,n,https://lendingclub.com/browse/loanDetail.action?loan_id=68396437,,credit_card,Credit card refinancing,454xx,OH,12.87,0,7519.644957645501,7519.64,7000,519.64,0,0,0,Feb-18,2269.68
68544948,12000,12000,12000,36 months,7.49,373.22,A,A4,Sr. Project Manager,3 years,MORTGAGE,108000,Source Verified,15-Dec,Fully Paid,n,https://lendingclub.com/browse/loanDetail.action?loan_id=68544948,,debt_consolidation,Debt consolidation,974xx,OR,6.92,1,13377.794512768502,13377.79,12000,1377.79,0,0,0,May-18,3276.82
66563086,3200,3200,3200,36 months,10.78,104.44,B,B4,Teacher,10+ years,MORTGAGE,49000,Not Verified,15-Dec,Fully Paid,n,https://lendingclub.com/browse/loanDetail.action?loan_id=66563086,,debt_consolidation,Debt consolidation,376xx,TN,25.91,0,3537.857693,3537.86,3200,337.86,0,0,0,Mar-17,2184.93
68616311,7200,7200,7200,36 months,14.85,249.07,C,C5,Dermatology Technician,10+ years,RENT,52000,Not Verified,15-Dec,Charged Off,n,https://lendingclub.com/browse/loanDetail.action?loan_id=68616311,,credit_card,Credit card refinancing,283xx,NC,39.21,1,5473.78,5473.78,3602.68,1363.87,15,492.23,44.3007,Sep-17,249.07
68577345,13200,13200,13200,36 months,12.88,444,C,C2,Supervisor,10+ years,MORTGAGE,45000,Source Verified,15-Dec,Fully Paid,n,https://lendingclub.com/browse/loanDetail.action?loan_id=68577345,,debt_consolidation,Debt consolidation,553xx,MN,32.56,0,14383.61,14383.61,13200,1183.61,0,0,0,Oct-16,10855.22
68385564,20000,20000,20000,36 months,12.88,672.73,C,C2,,,OWN,65000,Not Verified,15-Dec,Charged Off,n,https://lendingclub.com/browse/loanDetail.action?loan_id=68385564,,debt_consolidation,Debt consolidation,993xx,WA,17.38,2,5810.35,5810.35,2623.56,1377.04,33.64,1776.11,319.6998,Aug-16,706.37
68496618,18000,18000,18000,60 months,8.49,369.22,B,B1,Custom applicator,2 years,MORTGAGE,120000,Not Verified,15-Dec,Charged Off,n,https://lendingclub.com/browse/loanDetail.action?loan_id=68496618,,credit_card,Credit card refinancing,794xx,TX,6.42,0,6599.27,6599.27,4731.67,1867.6,0,0,0,May-17,369.22
68062737,18000,18000,18000,36 months,16.59,638.09,D,D2,License Massage Practioner,6 years,MORTGAGE,50000,Not Verified,15-Dec,Fully Paid,n,https://lendingclub.com/browse/loanDetail.action?loan_id=68062737,,debt_consolidation,Debt consolidation,981xx,WA,14.69,0,21535.85844,21535.86,18000,3535.86,0,0,0,Jul-17,107.81
68526489,7500,7500,7500,36 months,15.77,262.83,D,D1,Sole Member,3 years,RENT,75000,Source Verified,15-Dec,Fully Paid,n,https://lendingclub.com/browse/loanDetail.action?loan_id=68526489,,debt_consolidation,Debt consolidation,800xx,CO,9.74,0,9395.055097,9395.06,7500,1895.06,0,0,0,Aug-18,1526.59
68426254,15000,15000,15000,36 months,12.88,504.55,C,C2,Associate Professor,10+ years,MORTGAGE,118000,Verified,15-Dec,Fully Paid,n,https://lendingclub.com/browse/loanDetail.action?loan_id=68426254,,credit_card,Credit card refinancing,212xx,MD,23.7,0,17941.76515,17941.77,15000,2941.77,0,0,0,Mar-18,5276.2
68547044,2400,2400,2400,36 months,7.49,74.65,A,A4,Carpenter ,10+ years,RENT,50000,Source Verified,15-Dec,Fully Paid,n,https://lendingclub.com/browse/loanDetail.action?loan_id=68547044,,credit_card,Credit card refinancing,080xx,NJ,11.67,0,2684.654691,2684.65,2400,284.65,0,0,0,Jan-19,74.4
68466462,2000,2000,2000,36 months,13.44,67.82,C,C3,Analyst,10+ years,MORTGAGE,119945,Verified,15-Dec,Fully Paid,n,https://lendingclub.com/browse/loanDetail.action?loan_id=68466462,,debt_consolidation,Debt consolidation,207xx,MD,15.61,0,2445.4917412017003,2445.49,2000,445.49,0,0,0,Jan-19,67.5
68416482,10000,10000,10000,36 months,12.88,336.37,C,C2,"Vice President, Manager",10+ years,RENT,100000,Verified,15-Dec,Fully Paid,n,https://lendingclub.com/browse/loanDetail.action?loan_id=68416482,,credit_card,Credit card refinancing,322xx,FL,16.18,0,10429.04,10429.04,10000,429.04,0,0,0,May-16,9437.82
68466464,30000,30000,30000,60 months,18.49,769.83,D,D5,Piping lead,< 1 year,MORTGAGE,103000,Verified,15-Dec,Charged Off,n,https://lendingclub.com/browse/loanDetail.action?loan_id=68466464,,debt_consolidation,Debt consolidation,770xx,TX,22.36,0,12278.73,12278.73,4765.14,7475.1,38.49,0,0,Aug-17,808.15
66624293,25000,25000,25000,36 months,7.91,782.38,A,A5,director of public safety,10+ years,MORTGAGE,105000,Source Verified,15-Dec,Fully Paid,n,https://lendingclub.com/browse/loanDetail.action?loan_id=66624293,,other,Other,306xx,GA,16.87,0,27060.095394364904,27060.1,25000,2060.1,0,0,0,Apr-17,16087.6
68386637,3500,3500,3500,36 months,14.85,121.08,C,C5,Medical Staff coord,2 years,RENT,50000,Source Verified,15-Dec,Current,n,https://lendingclub.com/browse/loanDetail.action?loan_id=68386637,,debt_consolidation,Debt consolidation,774xx,TX,16.39,1,4296.47,4296.47,3380.39,916.08,0,0,0,Feb-19,122.08
68547073,11925,11925,11925,36 months,8.49,376.39,B,B1,Minister,10+ years,MORTGAGE,50000,Not Verified,15-Dec,Fully Paid,n,https://lendingclub.com/browse/loanDetail.action?loan_id=68547073,,debt_consolidation,Debt consolidation,704xx,LA,28.44,0,12433.42,12433.42,11925,508.42,0,0,0,Jul-16,10551.47
68466416,3000,3000,3000,36 months,6.49,91.94,A,A2,Job Cost Analyst,10+ years,MORTGAGE,75000,Source Verified,15-Dec,Fully Paid,n,https://lendingclub.com/browse/loanDetail.action?loan_id=68466416,,home_improvement,Home improvement,123xx,NY,13.38,0,3306.4492678021998,3306.45,3000,306.45,0,0,0,Dec-18,183.19
68446245,24000,24000,24000,60 months,14.85,569.08,C,C5,Principal,10+ years,MORTGAGE,99000,Verified,15-Dec,Current,n,https://lendingclub.com/browse/loanDetail.action?loan_id=68446245,,home_improvement,Home improvement,601xx,IL,24.69,0,21575.54,21575.54,13099.03,8476.51,0,0,0,Feb-19,569.08
68486872,13200,13200,13200,36 months,9.17,420.81,B,B2,BRANCH MANAGER,1 year,MORTGAGE,98000,Source Verified,15-Dec,Charged Off,n,https://lendingclub.com/browse/loanDetail.action?loan_id=68486872,,credit_card,Credit card refinancing,990xx,WA,10.03,0,10425.13,10425.13,8009.5,1702.95,0,712.68,128.2824,Dec-17,420.81
68386577,5000,5000,5000,36 months,12.88,168.19,C,C2,Educator,10+ years,RENT,48000,Source Verified,15-Dec,Fully Paid,n,https://lendingclub.com/browse/loanDetail.action?loan_id=68386577,,debt_consolidation,Debt consolidation,323xx,FL,17.48,0,6045.503015,6045.5,5000,1045.5,0,0,0,Jan-19,167.79
68506309,21000,21000,21000,60 months,13.99,488.53,C,C4,Vice President,10+ years,MORTGAGE,225000,Source Verified,15-Dec,Current,n,https://lendingclub.com/browse/loanDetail.action?loan_id=68506309,,debt_consolidation,Debt consolidation,074xx,NJ,28.41,0,18645.75,18645.75,11568.49,7077.26,0,0,0,Mar-19,488.53
68577115,9000,9000,9000,36 months,9.8,289.57,B,B3,Teacher,10+ years,MORTGAGE,81000,Not Verified,15-Dec,Fully Paid,n,https://lendingclub.com/browse/loanDetail.action?loan_id=68577115,,debt_consolidation,Debt consolidation,911xx,CA,22.64,0,9723.912904,9723.91,9000,723.91,0,0,0,Dec-16,6825.76
68406795,10000,10000,10000,36 months,9.17,318.79,B,B2,productions,3 years,MORTGAGE,43000,Source Verified,15-Dec,Fully Paid,n,https://lendingclub.com/browse/loanDetail.action?loan_id=68406795,,debt_consolidation,Debt consolidation,550xx,MN,12.39,0,11367.80733,11367.81,10000,1351.87,15.94,0,0,Mar-18,3410.8
68566384,12000,12000,12000,60 months,17.27,299.98,D,D3,Mail Services Project Coordinator ,2 years,MORTGAGE,49000,Verified,15-Dec,Current,n,https://lendingclub.com/browse/loanDetail.action?loan_id=68566384,,debt_consolidation,Debt consolidation,543xx,WI,28.92,0,11415.59,11415.59,6376.93,5038.66,0,0,0,Mar-19,299.98
67347650,1000,1000,1000,36 months,11.99,33.21,C,C1,data entry operator,10+ years,MORTGAGE,36522,Verified,15-Dec,Fully Paid,n,https://lendingclub.com/browse/loanDetail.action?loan_id=67347650,,other,Other,139xx,NY,35.72,0,1126.7222,1126.72,1000,126.72,0,0,0,Apr-17,663.45
68595667,12000,12000,12000,60 months,13.99,279.16,C,C4,Brusher,10+ years,OWN,35000,Source Verified,15-Dec,Charged Off,n,https://lendingclub.com/browse/loanDetail.action?loan_id=68595667,,debt_consolidation,Debt consolidation,439xx,OH,32.68,0,3047.44,3047.44,1624.35,1423.09,0,0,0,Dec-16,279.16
68486660,35000,35000,35000,60 months,10.78,757.16,B,B4,Digital Performance Manager,2 years,MORTGAGE,103500,Source Verified,15-Dec,Current,n,https://lendingclub.com/browse/loanDetail.action?loan_id=68486660,,credit_card,Credit card refinancing,483xx,MI,21.24,0,28819.68,28819.68,20058.72,8760.96,0,0,0,Feb-19,757.16
68596406,24000,24000,24000,36 months,5.32,722.76,A,A1,Cable splicer,10+ years,MORTGAGE,200000,Source Verified,15-Dec,Fully Paid,n,https://lendingclub.com/browse/loanDetail.action?loan_id=68596406,,debt_consolidation,Debt consolidation,330xx,FL,22.55,0,25995.57806,25995.58,24000,1995.58,0,0,0,Nov-18,2162.23
68587130,8500,8500,8500,36 months,9.17,270.98,B,B2,Communications & Research Coordinator,1 year,OWN,35500,Not Verified,15-Dec,Fully Paid,n,https://lendingclub.com/browse/loanDetail.action?loan_id=68587130,,credit_card,Credit card refinancing,606xx,IL,5.88,0,9744.0684,9744.07,8500,1244.07,0,0,0,Jan-19,270.6
68546971,3500,3500,3500,36 months,6.49,107.26,A,A2,SR Sales Associate,8 years,MORTGAGE,56000,Source Verified,15-Dec,Fully Paid,n,https://lendingclub.com/browse/loanDetail.action?loan_id=68546971,,debt_consolidation,Debt consolidation,553xx,MN,19.03,3,3858.0922497553997,3858.09,3500,358.09,0,0,0,Jan-19,107.14
67755216,16100,16100,16100,36 months,17.27,576.18,D,D3,Credit Manager,10+ years,MORTGAGE,50000,Not Verified,15-Dec,Fully Paid,n,https://lendingclub.com/browse/loanDetail.action?loan_id=67755216,,debt_consolidation,Debt consolidation,117xx,NY,15.96,0,20703.611195613998,20703.61,16100,4603.61,0,0,0,Jan-19,575.93
68496354,12000,12000,12000,60 months,8.49,246.15,B,B1,Attorney,10+ years,MORTGAGE,185000,Not Verified,15-Dec,Current,n,https://lendingclub.com/browse/loanDetail.action?loan_id=68496354,,debt_consolidation,Debt consolidation,028xx,MA,15.06,0,9339.55,9339.55,7002.03,2337.52,0,0,0,Feb-19,246.15
68566111,10000,10000,10000,60 months,19.48,262.06,E,E2,SALES,< 1 year,MORTGAGE,117000,Source Verified,15-Dec,Fully Paid,n,https://lendingclub.com/browse/loanDetail.action?loan_id=68566111,,small_business,Business,958xx,CA,12.73,0,12816.55886,12816.56,10000,2816.56,0,0,0,Aug-17,8126.54
68212760,6000,6000,6000,36 months,8.49,189.38,B,B1,Data Systems Coordinator,4 years,OWN,42000,Not Verified,15-Dec,Fully Paid,n,https://lendingclub.com/browse/loanDetail.action?loan_id=68212760,,debt_consolidation,Debt consolidation,494xx,MI,26.06,0,6757.948172,6757.95,6000,757.95,0,0,0,Apr-18,1841.15
68376320,5000,5000,5000,36 months,6.99,154.37,A,A3,Administration,10+ years,MORTGAGE,61000,Source Verified,15-Dec,Fully Paid,n,https://lendingclub.com/browse/loanDetail.action?loan_id=68376320,,debt_consolidation,Debt consolidation,483xx,MI,30.53,4,5290.760222,5290.76,5000,290.76,0,0,0,Apr-17,2034.43
68616045,18000,18000,18000,36 months,6.49,551.61,A,A2,Airworthiness Specialist,10+ years,MORTGAGE,100000,Not Verified,15-Dec,Fully Paid,n,https://lendingclub.com/browse/loanDetail.action?loan_id=68616045,,debt_consolidation,Debt consolidation,710xx,LA,10.49,0,19801.95208,19801.95,18000,1801.95,0,0,0,Jul-18,3808.5
68436190,1000,1000,1000,36 months,13.99,34.18,C,C4,Teacher's Assistant,10+ years,RENT,30000,Source Verified,15-Dec,Charged Off,n,https://lendingclub.com/browse/loanDetail.action?loan_id=68436190,,other,Other,381xx,TN,31.08,0,408.22,408.22,288.28,119.94,0,0,0,Jan-17,34.18
68485231,3850,3850,3850,36 months,13.44,130.54,C,C3,Inventory Manager,< 1 year,MORTGAGE,45000,Verified,15-Dec,Fully Paid,n,https://lendingclub.com/browse/loanDetail.action?loan_id=68485231,,debt_consolidation,Debt consolidation,691xx,NE,22.59,1,4670.837763,4670.84,3850,820.84,0,0,0,May-18,1131.89
68586953,2000,2000,2000,36 months,11.99,66.42,C,C1,Clerk,4 years,RENT,35000,Source Verified,15-Dec,Fully Paid,n,https://lendingclub.com/browse/loanDetail.action?loan_id=68586953,,debt_consolidation,Debt consolidation,481xx,MI,4.01,0,2387.3122210901997,2387.31,2000,387.31,0,0,0,Nov-18,1.17
68396312,20000,20000,20000,60 months,10.78,432.66,B,B4,Commercial Estimator,7 years,OWN,56000,Not Verified,15-Dec,Current,n,https://lendingclub.com/browse/loanDetail.action?loan_id=68396312,,debt_consolidation,Debt consolidation,327xx,FL,21.8,0,16500.97,16500.97,11398.11,5102.86,0,0,0,Mar-19,432.66
67298976,10175,10175,10175,60 months,19.89,268.96,E,E3,Communications Manager,3 years,MORTGAGE,63900,Source Verified,15-Dec,Fully Paid,n,https://lendingclub.com/browse/loanDetail.action?loan_id=67298976,,credit_card,Credit card refinancing,154xx,PA,20.28,1,14126.95465,14126.95,10175,3951.95,0,0,0,Apr-18,7156.6
68376303,10000,10000,10000,36 months,6.99,308.73,A,A3,Technical Writer,< 1 year,MORTGAGE,70000,Not Verified,15-Dec,Fully Paid,n,https://lendingclub.com/browse/loanDetail.action?loan_id=68376303,,home_improvement,Home improvement,852xx,AZ,21.79,0,10543.79,10543.79,10000,543.79,0,0,0,Nov-16,7761.77
68577043,20000,20000,20000,60 months,9.8,422.98,B,B3,Pipefitter,5 years,MORTGAGE,52000,Not Verified,15-Dec,Fully Paid,n,https://lendingclub.com/browse/loanDetail.action?loan_id=68577043,,debt_consolidation,Debt consolidation,234xx,VA,17.75,0,23772.97095,23772.97,20000,3772.97,0,0,0,May-18,12298.07
68466189,35000,35000,35000,36 months,10.78,1142.22,B,B4,Sales Engineer,10+ years,MORTGAGE,110000,Source Verified,15-Dec,Fully Paid,n,https://lendingclub.com/browse/loanDetail.action?loan_id=68466189,,credit_card,Credit card refinancing,300xx,GA,25.38,0,39197.025223761004,39197.03,35000,4197.03,0,0,0,May-17,22116.13
68544404,20000,20000,20000,36 months,12.88,672.73,C,C2,Administrator,10+ years,RENT,93534,Not Verified,15-Dec,Fully Paid,n,https://lendingclub.com/browse/loanDetail.action?loan_id=68544404,,debt_consolidation,Debt consolidation,950xx,CA,13.95,0,24146.737012717997,24146.74,20000,4146.74,0,0,0,Oct-18,2655.16
67809379,14000,14000,14000,60 months,20.5,374.83,E,E4,Paralegal,8 years,MORTGAGE,45000,Not Verified,15-Dec,Current,n,https://lendingclub.com/browse/loanDetail.action?loan_id=67809379,,debt_consolidation,Debt consolidation,292xx,SC,24.8,0,14203.68,14203.68,7174.78,7028.9,0,0,0,Feb-19,374.83
68616197,20000,20000,20000,36 months,6.49,612.89,A,A2,Manager,2 years,MORTGAGE,95000,Not Verified,15-Dec,Fully Paid,n,https://lendingclub.com/browse/loanDetail.action?loan_id=68616197,,debt_consolidation,Debt consolidation,372xx,TN,12.63,0,20536.26,20536.26,20000,536.26,0,0,0,Jun-16,18102.73
68386416,12250,12250,12250,36 months,14.85,423.76,C,C5,RDA,4 years,RENT,26679.38,Verified,15-Dec,Charged Off,n,https://lendingclub.com/browse/loanDetail.action?loan_id=68386416,,debt_consolidation,Debt consolidation,920xx,CA,34.1,0,4212.33,4212.33,2878.34,1333.99,0,0,0,Nov-16,423.76
68526250,15000,15000,15000,36 months,5.32,451.73,A,A1,Sales,8 years,MORTGAGE,90000,Not Verified,15-Dec,Fully Paid,n,https://lendingclub.com/browse/loanDetail.action?loan_id=68526250,,credit_card,Credit card refinancing,637xx,MO,16.91,0,16058.154895341799,16058.15,15000,1058.15,0,0,0,Nov-17,6582.9
68496489,10000,10000,10000,36 months,5.32,301.15,A,A1,faculty,10+ years,RENT,80000,Source Verified,15-Dec,Fully Paid,n,https://lendingclub.com/browse/loanDetail.action?loan_id=68496489,,credit_card,Credit card refinancing,900xx,CA,5.27,0,10833.92484,10833.92,10000,833.92,0,0,0,Jan-19,301.06
68436340,3600,3600,3600,36 months,10.78,117.49,B,B4,Financial Advisor,7 years,MORTGAGE,39000,Not Verified,15-Dec,Fully Paid,n,https://lendingclub.com/browse/loanDetail.action?loan_id=68436340,,credit_card,Credit card refinancing,606xx,IL,9.48,0,4224.024786,4224.02,3600,624.02,0,0,0,Jan-19,117.26
68445972,5000,5000,5000,36 months,11.99,166.05,C,C1,Cpar,10+ years,MORTGAGE,68500,Source Verified,15-Dec,Fully Paid,n,https://lendingclub.com/browse/loanDetail.action?loan_id=68445972,,home_improvement,Home improvement,070xx,NJ,16.36,3,5969.369607,5969.37,5000,969.37,0,0,0,Jan-19,165.95
68466298,35000,35000,35000,60 months,11.99,778.38,C,C1,Systems Administrator,10+ years,MORTGAGE,80000,Verified,15-Dec,Fully Paid,n,https://lendingclub.com/browse/loanDetail.action?loan_id=68466298,,credit_card,Credit card refinancing,376xx,TN,26.84,0,41625.72833,41625.73,35000,6625.73,0,0,0,Nov-17,25338.03
68577081,13000,13000,13000,36 months,12.88,437.28,C,C2,Administrative Assistant III,10+ years,MORTGAGE,38000,Source Verified,15-Dec,Fully Paid,n,https://lendingclub.com/browse/loanDetail.action?loan_id=68577081,,home_improvement,Home improvement,391xx,MS,25.89,0,14834.307255663998,14834.31,13000,1834.31,0,0,0,Apr-17,8698.45
68356287,4000,4000,4000,36 months,16.59,141.8,D,D2,Information Technology Specialist,5 years,OWN,35000,Verified,15-Dec,Charged Off,n,https://lendingclub.com/browse/loanDetail.action?loan_id=68356287,,debt_consolidation,Debt consolidation,785xx,TX,11.45,0,2178.7,2178.7,1222.67,619.7,0,336.33,60.5394,Feb-17,141.8
68406733,22450,22450,22450,60 months,18.99,582.25,E,E1,SERGEANT FIRT CLASS ,10+ years,MORTGAGE,74000,Source Verified,15-Dec,Charged Off,n,https://lendingclub.com/browse/loanDetail.action?loan_id=68406733,,debt_consolidation,Debt consolidation,985xx,WA,33.18,1,13332.54,13332.54,6238.41,7094.13,0,0,0,Dec-17,582.25
68486534,4800,4800,4800,36 months,11.99,159.41,C,C1,graphic designer ,1 year,RENT,45000,Source Verified,15-Dec,Fully Paid,n,https://lendingclub.com/browse/loanDetail.action?loan_id=68486534,,credit_card,Credit card refinancing,752xx,TX,10.29,0,5706.616719594001,5706.62,4800,906.62,0,0,0,Aug-18,852.31
68485971,21275,21275,21275,36 months,14.85,735.95,C,C5,Driver Manager,4 years,MORTGAGE,56035,Verified,15-Dec,Fully Paid,n,https://lendingclub.com/browse/loanDetail.action?loan_id=68485971,,debt_consolidation,Debt consolidation,557xx,MN,32.79,0,24006.8363,24006.84,21275,2731.84,0,0,0,Jan-17,15955.27
67358467,15000,15000,15000,36 months,5.32,451.73,A,A1,RN Quality Coordinator,10+ years,RENT,100000,Not Verified,15-Dec,Fully Paid,n,https://lendingclub.com/browse/loanDetail.action?loan_id=67358467,,credit_card,Credit card refinancing,921xx,CA,15.76,0,15892.846644296002,15892.85,15000,892.85,0,0,0,Jun-17,8676.25
68426094,12000,12000,12000,36 months,12.88,403.64,C,C2,IT Manager,4 years,MORTGAGE,110000,Source Verified,15-Dec,Fully Paid,n,https://lendingclub.com/browse/loanDetail.action?loan_id=68426094,,credit_card,Credit card refinancing,786xx,TX,9.44,0,13808.79836,13808.8,12000,1808.8,0,0,0,Jun-17,7372.03
68586878,34125,34125,34125,60 months,17.27,853.06,D,D3,Pharmacist,10+ years,MORTGAGE,132000,Verified,15-Dec,Current,n,https://lendingclub.com/browse/loanDetail.action?loan_id=68586878,,home_improvement,Home improvement,275xx,NC,28.86,0,32334.43,32334.43,18136.31,14198.12,0,0,0,Feb-19,853.06
68566246,9650,9650,9650,36 months,12.88,324.59,C,C2,Human Resource Specialist,< 1 year,RENT,55500,Source Verified,15-Dec,Fully Paid,n,https://lendingclub.com/browse/loanDetail.action?loan_id=68566246,,debt_consolidation,Debt consolidation,024xx,MA,15.18,1,11677.10107,11677.1,9650,2027.1,0,0,0,Jan-19,333.71
68566149,24000,24000,24000,36 months,9.8,772.17,B,B3,Manager,10+ years,MORTGAGE,100000,Source Verified,15-Dec,Fully Paid,n,https://lendingclub.com/browse/loanDetail.action?loan_id=68566149,,debt_consolidation,Debt consolidation,349xx,FL,15.46,0,27096.72073,27096.72,24000,3096.72,0,0,0,Sep-17,12369.06
68340530,35000,35000,35000,36 months,10.78,1142.22,B,B4,Supervision and Risk Coordinator,10+ years,MORTGAGE,134000,Verified,15-Dec,Fully Paid,n,https://lendingclub.com/browse/loanDetail.action?loan_id=68340530,,debt_consolidation,,762xx,TX,23.09,0,41047.57148,41047.57,35000,6047.57,0,0,0,Nov-18,3406.71
68366327,25000,25000,25000,36 months,5.32,752.87,A,A1,Excavting business ,10+ years,MORTGAGE,125000,Not Verified,15-Dec,Fully Paid,n,https://lendingclub.com/browse/loanDetail.action?loan_id=68366327,,credit_card,Credit card refinancing,557xx,MN,6.66,1,27084.83178,27084.83,25000,2084.83,0,0,0,Jan-19,752.85
68446030,9100,9100,9100,36 months,7.91,284.79,A,A5,Maintenance Technician,10+ years,MORTGAGE,40000,Verified,15-Dec,Fully Paid,n,https://lendingclub.com/browse/loanDetail.action?loan_id=68446030,,debt_consolidation,Debt consolidation,488xx,MI,12.57,0,10242.167,10242.17,9100,1142.17,0,0,0,Jan-19,284.52
68192729,25000,25000,25000,60 months,14.85,592.79,C,C5,Underwriter,2 years,MORTGAGE,118450,Not Verified,15-Dec,Fully Paid,n,https://lendingclub.com/browse/loanDetail.action?loan_id=68192729,,debt_consolidation,Debt consolidation,017xx,MA,25.97,0,26486.63,26486.63,25000,1486.63,0,0,0,May-16,24605.14
68546877,18000,18000,18000,36 months,7.49,559.83,A,A4,Recovery Coordinator,6 years,OWN,60000,Not Verified,15-Dec,Fully Paid,n,https://lendingclub.com/browse/loanDetail.action?loan_id=68546877,,credit_card,Credit card refinancing,331xx,FL,35,0,20124.50212,20124.5,18000,2124.5,0,0,0,Dec-18,380.28
68386356,10800,10800,10800,36 months,11.48,356.04,B,B5,Lead Programmer Analyst,10+ years,OWN,123000,Source Verified,15-Dec,Fully Paid,n,https://lendingclub.com/browse/loanDetail.action?loan_id=68386356,,credit_card,Credit card refinancing,852xx,AZ,23.62,0,11787.47,11787.47,10800,987.47,0,0,0,Dec-16,8244.29
68606383,9600,9600,9600,36 months,9.17,306.04,B,B2,Director,2 years,MORTGAGE,150000,Verified,15-Dec,Fully Paid,n,https://lendingclub.com/browse/loanDetail.action?loan_id=68606383,,debt_consolidation,Debt consolidation,329xx,FL,5.54,0,10676.36643,10676.37,9600,1076.37,0,0,0,Aug-17,5179.88
68476092,3600,3600,3600,36 months,11.48,118.68,B,B5,Environmental Technician,3 years,MORTGAGE,55000,Source Verified,15-Dec,Fully Paid,n,https://lendingclub.com/browse/loanDetail.action?loan_id=68476092,,debt_consolidation,Debt consolidation,441xx,OH,14.1,0,4266.713648,4266.71,3600,666.71,0,0,0,Jan-19,118.65
68526124,12000,12000,12000,60 months,12.88,272.31,C,C2,Police Officer,10+ years,OWN,100000,Not Verified,15-Dec,Charged Off,n,https://lendingclub.com/browse/loanDetail.action?loan_id=68526124,,credit_card,Credit card refinancing,104xx,NY,12.31,3,7987.1,7987.1,3941.35,2844.93,105,1095.82,197.2476,Mar-18,287.31
68445999,35000,35000,35000,60 months,11.99,778.38,C,C1,Controller,6 years,MORTGAGE,88000,Source Verified,15-Dec,Current,n,https://lendingclub.com/browse/loanDetail.action?loan_id=68445999,,credit_card,Credit card refinancing,970xx,OR,13.3,1,29520.16,29520.16,19695.43,9824.73,0,0,0,Feb-19,778.38
68486599,12000,12000,12000,36 months,6.49,367.74,A,A2,Patrolman,10+ years,MORTGAGE,65000,Not Verified,15-Dec,Fully Paid,n,https://lendingclub.com/browse/loanDetail.action?loan_id=68486599,,home_improvement,Home improvement,190xx,PA,19.24,0,13001.18262,13001.18,12000,1001.18,0,0,0,Oct-17,5657.2
68506121,18000,18000,18000,36 months,6.99,555.71,A,A3,Manager Client Relations,8 years,MORTGAGE,89000,Source Verified,15-Dec,Fully Paid,n,https://lendingclub.com/browse/loanDetail.action?loan_id=68506121,,credit_card,Credit card refinancing,550xx,MN,13.88,1,19917.27965,19917.28,18000,1917.28,0,0,0,Jun-18,4374.88
68202804,22925,22925,22925,60 months,16.59,564.71,D,D2,Controller,< 1 year,RENT,51000,Not Verified,15-Dec,Fully Paid,n,https://lendingclub.com/browse/loanDetail.action?loan_id=68202804,,debt_consolidation,Debt consolidation,930xx,CA,31.04,0,30716.805874656602,30716.81,22925,7791.81,0,0,0,Jul-18,14393.04
68425997,8000,8000,8000,36 months,6.49,245.16,A,A2,Health Coverage Coordinator,3 years,RENT,120000,Source Verified,15-Dec,Fully Paid,n,https://lendingclub.com/browse/loanDetail.action?loan_id=68425997,,credit_card,Credit card refinancing,945xx,CA,4.91,0,8814.079795888001,8814.08,8000,814.08,0,0,0,Dec-18,244.98
68596328,7000,7000,7000,36 months,8.49,220.95,B,B1,Doctor,3 years,MORTGAGE,100000,Not Verified,15-Dec,Fully Paid,n,https://lendingclub.com/browse/loanDetail.action?loan_id=68596328,,home_improvement,Home improvement,481xx,MI,29.75,2,7945.555017,7945.56,7000,945.56,0,0,0,Jan-19,220.56
68546741,4500,4500,4500,36 months,9.8,144.79,B,B3,Transportation Security Officer ,5 years,MORTGAGE,39600,Verified,15-Dec,Fully Paid,n,https://lendingclub.com/browse/loanDetail.action?loan_id=68546741,,debt_consolidation,Debt consolidation,207xx,MD,22.82,0,4575.83,4575.83,4500,75.83,0,0,0,Mar-16,4437.16
68366309,11500,11500,11500,36 months,19.48,424.35,E,E2,,,RENT,33888,Verified,15-Dec,Fully Paid,n,https://lendingclub.com/browse/loanDetail.action?loan_id=68366309,,other,Other,234xx,VA,39.16,0,15245.02254,15245.02,11500,3745.02,0,0,0,Jan-19,423.88
68416138,18725,18725,18725,60 months,17.97,475.19,D,D4,Legal Administrative Assistant,10+ years,MORTGAGE,50000,Not Verified,15-Dec,Current,n,https://lendingclub.com/browse/loanDetail.action?loan_id=68416138,,home_improvement,Home improvement,337xx,FL,25.83,0,18010.49,18010.49,9874.44,8136.05,0,0,0,Feb-19,475.19
68415392,19500,19500,19500,60 months,19.89,515.44,E,E3,General Manager,10+ years,MORTGAGE,85000,Source Verified,15-Dec,Current,n,https://lendingclub.com/browse/loanDetail.action?loan_id=68415392,,debt_consolidation,Debt consolidation,371xx,TN,25.4,2,19532.85,19532.85,10062.65,9470.2,0,0,0,Feb-19,515.44
68496453,5000,5000,5000,36 months,9.17,159.4,B,B2,Teacher,4 years,MORTGAGE,52000,Not Verified,15-Dec,Fully Paid,n,https://lendingclub.com/browse/loanDetail.action?loan_id=68496453,,other,Other,774xx,TX,24.79,0,5728.672922,5728.67,5000,728.67,0,0,0,Nov-18,474.84
68376196,5000,5000,5000,36 months,8.49,157.82,B,B1,"Manager, Consulting",2 years,MORTGAGE,141934,Not Verified,15-Dec,Charged Off,n,https://lendingclub.com/browse/loanDetail.action?loan_id=68376196,,credit_card,Credit card refinancing,781xx,TX,25.58,1,5256.93,5256.93,4549.28,692.65,15,0,0,Feb-19,364
68536806,2800,2800,2800,36 months,17.27,100.21,D,D3,IT,7 years,RENT,114400,Verified,15-Dec,Fully Paid,n,https://lendingclub.com/browse/loanDetail.action?loan_id=68536806,,debt_consolidation,Debt consolidation,337xx,FL,6.34,0,3605.9691780503003,3605.97,2800,805.97,0,0,0,Dec-18,198.84
68062777,14150,14150,14150,60 months,13.44,325.16,C,C3,,,OWN,28321,Not Verified,15-Dec,Current,n,https://lendingclub.com/browse/loanDetail.action?loan_id=68062777,,credit_card,Credit card refinancing,149xx,NY,13.56,0,12329.67,12329.67,7841.28,4488.39,0,0,0,Feb-19,325.16
67799895,12000,12000,12000,36 months,9.8,386.09,B,B3,Consultant,8 years,RENT,75000,Source Verified,15-Dec,Fully Paid,n,https://lendingclub.com/browse/loanDetail.action?loan_id=67799895,,small_business,Business,537xx,WI,14.11,0,13872.850770160701,13872.85,12000,1872.85,0,0,0,Oct-18,1534.3
68446125,16075,16075,16075,36 months,12.88,540.71,C,C2,truck driver,3 years,OWN,66666,Verified,15-Dec,Fully Paid,n,https://lendingclub.com/browse/loanDetail.action?loan_id=68446125,,debt_consolidation,Debt consolidation,454xx,OH,13.29,0,18178.3384,18178.34,16075,2103.34,0,0,0,Mar-17,10723.43
68386395,21000,21000,21000,36 months,9.17,669.46,B,B2,Flight Paramedic,4 years,MORTGAGE,85000,Source Verified,15-Dec,Fully Paid,n,https://lendingclub.com/browse/loanDetail.action?loan_id=68386395,,credit_card,Credit card refinancing,178xx,PA,14.65,1,23258.88918,23258.89,21000,2258.89,0,0,0,Jul-17,11904.82
68606458,20000,20000,20000,36 months,5.32,602.3,A,A1,RN / CDI Specialist,10+ years,MORTGAGE,71665,Verified,15-Dec,Fully Paid,n,https://lendingclub.com/browse/loanDetail.action?loan_id=68606458,,debt_consolidation,Debt consolidation,626xx,IL,12.31,0,21667.84967,21667.85,20000,1667.85,0,0,0,Jan-19,602.13
66096897,19200,19200,19200,60 months,9.17,400.15,B,B2,Purchasing director,10+ years,MORTGAGE,132000,Not Verified,15-Dec,Current,n,https://lendingclub.com/browse/loanDetail.action?loan_id=66096897,,home_improvement,Home improvement,913xx,CA,20.33,0,15181.25,15181.25,11125.43,4055.82,0,0,0,Feb-19,400.15
67890239,28000,28000,28000,60 months,8.49,574.33,B,B1,Associate Product Manager,5 years,MORTGAGE,95000,Source Verified,15-Dec,Charged Off,n,https://lendingclub.com/browse/loanDetail.action?loan_id=67890239,,credit_card,Credit card refinancing,760xx,TX,19.6,0,13892.52,13892.52,6349.89,2806.37,0,4736.26,47.3626,May-17,574.33
68453653,15000,15000,15000,36 months,9.8,482.61,B,B3,Senior Research & Development Tech.,2 years,RENT,89000,Not Verified,15-Dec,Fully Paid,n,https://lendingclub.com/browse/loanDetail.action?loan_id=68453653,,debt_consolidation,Debt consolidation,950xx,CA,19.5,0,16072.39,16072.39,15000,1072.39,0,0,0,Nov-16,11749.32
68446180,15000,15000,15000,36 months,17.27,536.81,D,D3,Case Manager GS13,7 years,RENT,101000,Verified,15-Dec,Fully Paid,n,https://lendingclub.com/browse/loanDetail.action?loan_id=68446180,,debt_consolidation,Debt consolidation,935xx,CA,39.87,0,18498.61408,18498.61,15000,3498.61,0,0,0,Oct-17,7798.39
68516266,35000,35000,35000,60 months,19.48,917.19,E,E2,Internet manager,2 years,RENT,84000,Source Verified,15-Dec,Current,n,https://lendingclub.com/browse/loanDetail.action?loan_id=68516266,,debt_consolidation,Debt consolidation,711xx,LA,14.93,1,34758.53,34758.53,18136.3,16622.23,0,0,0,Feb-19,917.19
67848475,24000,24000,24000,36 months,13.99,820.15,C,C4,Sr Field Project Coordinator,10+ years,MORTGAGE,120000,Source Verified,15-Dec,Fully Paid,n,https://lendingclub.com/browse/loanDetail.action?loan_id=67848475,,debt_consolidation,Debt consolidation,703xx,LA,8.91,0,29049.78429,29049.78,24000,5049.78,0,0,0,Jul-18,312.06
68586833,35000,35000,35000,36 months,15.77,1226.53,D,D1,National Accounts Director ,4 years,MORTGAGE,120000,Source Verified,15-Dec,Fully Paid,n,https://lendingclub.com/browse/loanDetail.action?loan_id=68586833,,credit_card,Credit card refinancing,231xx,VA,13.34,0,43400.11661,43400.12,35000,8400.12,0,0,0,Apr-18,11587
68406624,17125,17125,17125,60 months,27.99,533.1,G,G3,Paralegal,4 years,RENT,45000,Source Verified,15-Dec,Fully Paid,n,https://lendingclub.com/browse/loanDetail.action?loan_id=68406624,,debt_consolidation,Debt consolidation,028xx,RI,17.44,0,25280.54159,25280.54,17125,8155.54,0,0,0,Dec-17,13792.01
68356089,30000,30000,30000,60 months,13.99,697.9,C,C4,System Administrator,9 years,MORTGAGE,70000,Source Verified,15-Dec,Charged Off,n,https://lendingclub.com/browse/loanDetail.action?loan_id=68356089,,debt_consolidation,Debt consolidation,636xx,MO,19.9,0,7028.39,7028.39,2150.73,1989.34,0,2888.32,28.8832,Jul-16,708.86
68577138,8000,8000,8000,36 months,10.78,261.08,B,B4,Teacher,2 years,MORTGAGE,43500,Source Verified,15-Dec,Charged Off,n,https://lendingclub.com/browse/loanDetail.action?loan_id=68577138,,debt_consolidation,Debt consolidation,765xx,TX,11.98,0,6739.03,6739.03,5035.11,1248.65,45,410.27,73.8486,Feb-18,276.08
68577155,5000,5000,5000,36 months,9.17,159.4,B,B2,Claims Manager,3 years,MORTGAGE,113000,Source Verified,15-Dec,Fully Paid,n,https://lendingclub.com/browse/loanDetail.action?loan_id=68577155,,credit_card,Credit card refinancing,431xx,OH,26.45,1,5427.9860319463005,5427.99,5000,427.99,0,0,0,Feb-17,3521.56
68436237,9100,9100,9100,36 months,9.17,290.1,B,B2,Showroom Manager,5 years,MORTGAGE,70000,Not Verified,15-Dec,Fully Paid,n,https://lendingclub.com/browse/loanDetail.action?loan_id=68436237,,credit_card,Credit card refinancing,023xx,MA,25.6,0,10431.93153,10431.93,9100,1331.93,0,0,0,Jan-19,290.02
68516197,1800,1800,1800,36 months,7.49,55.99,A,A4,Registra,10+ years,MORTGAGE,50000,Source Verified,15-Dec,Fully Paid,n,https://lendingclub.com/browse/loanDetail.action?loan_id=68516197,,credit_card,Credit card refinancing,331xx,FL,8.28,0,1825.83,1825.83,1800,25.83,0,0,0,Jul-16,247.75
68506096,4850,4850,4850,36 months,7.49,150.85,A,A4,Contract Associate,< 1 year,MORTGAGE,56000,Verified,15-Dec,Fully Paid,n,https://lendingclub.com/browse/loanDetail.action?loan_id=68506096,,debt_consolidation,Debt consolidation,551xx,MN,6.15,0,5104.69,5104.69,4850,254.69,0,0,0,Oct-16,3902.94
67329305,24000,24000,24000,36 months,6.99,740.95,A,A3,Manager,10+ years,MORTGAGE,127000,Not Verified,15-Dec,Fully Paid,n,https://lendingclub.com/browse/loanDetail.action?loan_id=67329305,,home_improvement,Home improvement,300xx,GA,12.07,1,26096.687991627998,26096.69,24000,2096.69,0,0,0,Sep-17,12041.94
67988731,8000,8000,8000,36 months,5.32,240.92,A,A1,dispatcher,10+ years,OWN,31500,Not Verified,15-Dec,Fully Paid,n,https://lendingclub.com/browse/loanDetail.action?loan_id=67988731,,debt_consolidation,Debt consolidation,761xx,TX,15.62,0,8667.000127286801,8667,8000,667,0,0,0,Dec-18,481.63
68212274,10000,10000,10000,36 months,9.17,318.79,B,B2,Sales,3 years,MORTGAGE,35000,Source Verified,15-Dec,Fully Paid,n,https://lendingclub.com/browse/loanDetail.action?loan_id=68212274,,credit_card,Credit card refinancing,992xx,WA,11.69,0,11044.59986,11044.6,10000,1044.6,0,0,0,Jun-17,5956.7
68340540,30000,30000,30000,60 months,10.78,648.99,B,B4,police officer,10+ years,MORTGAGE,89000,Source Verified,15-Dec,Current,n,https://lendingclub.com/browse/loanDetail.action?loan_id=68340540,,debt_consolidation,,750xx,TX,17.72,0,24616.7,24616.7,17097.17,7519.53,0,0,0,Feb-19,648.99
68526208,9600,9600,9600,36 months,6.49,294.19,A,A2,Regional Sales Manager,4 years,RENT,64567.05,Not Verified,15-Dec,Fully Paid,n,https://lendingclub.com/browse/loanDetail.action?loan_id=68526208,,credit_card,Credit card refinancing,338xx,FL,10.48,0,10263.80605,10263.81,9600,663.81,0,0,0,May-17,5859.61
68574173,35000,35000,35000,60 months,19.48,917.19,E,E2,Teacher,10+ years,MORTGAGE,100000,Source Verified,15-Dec,Current,n,https://lendingclub.com/browse/loanDetail.action?loan_id=68574173,,debt_consolidation,Debt consolidation,600xx,IL,22.28,0,34758.53,34758.53,18145.4,16613.13,0,0,0,Feb-19,917.19
68584702,20000,20000,20000,60 months,18.99,518.71,E,E1,Office Manager,1 year,OWN,52000,Source Verified,15-Dec,Fully Paid,n,https://lendingclub.com/browse/loanDetail.action?loan_id=68584702,,credit_card,Credit card refinancing,394xx,MS,26.93,0,25722.46392,25722.46,20000,5722.46,0,0,0,Sep-17,15919.72
68466335,10000,10000,10000,36 months,5.32,301.15,A,A1,manager,10+ years,OWN,32500,Not Verified,15-Dec,Fully Paid,n,https://lendingclub.com/browse/loanDetail.action?loan_id=68466335,,credit_card,Credit card refinancing,199xx,DE,12.15,0,10772.44,10772.44,10000,772.44,0,0,0,May-18,1236.7
68516214,6000,6000,6000,36 months,5.32,180.69,A,A1,A/R - A/P Clerk,10+ years,MORTGAGE,80000,Not Verified,15-Dec,Fully Paid,n,https://lendingclub.com/browse/loanDetail.action?loan_id=68516214,,credit_card,Credit card refinancing,264xx,WV,13.5,0,6487.8078049406995,6487.81,6000,487.81,0,0,0,Oct-18,10.16
68523332,22000,22000,22000,36 months,5.32,662.53,A,A1,,,MORTGAGE,110000,Not Verified,15-Dec,Fully Paid,n,https://lendingclub.com/browse/loanDetail.action?loan_id=68523332,,credit_card,Credit card refinancing,774xx,TX,7.21,0,23837.633604412997,23837.63,22000,1837.63,0,0,0,Jan-19,662.35
68546827,28000,28000,28000,60 months,11.99,622.71,C,C1,post closing,1 year,MORTGAGE,82000,Not Verified,15-Dec,Fully Paid,n,https://lendingclub.com/browse/loanDetail.action?loan_id=68546827,,home_improvement,Home improvement,941xx,CA,10.57,0,29501.2,29501.2,28000,1501.2,0,0,0,Jun-16,27056.99
68516324,5000,5000,5000,36 months,7.91,156.48,A,A5,Commercial Relationship Manager,4 years,RENT,93000,Source Verified,15-Dec,Fully Paid,n,https://lendingclub.com/browse/loanDetail.action?loan_id=68516324,,credit_card,Credit card refinancing,331xx,FL,14.3,2,5365.940432,5365.94,5000,365.94,0,0,0,Feb-17,3498.07
68446077,12500,12500,12500,60 months,9.17,260.52,B,B2,,,OWN,85000,Not Verified,15-Dec,Current,n,https://lendingclub.com/browse/loanDetail.action?loan_id=68446077,,debt_consolidation,Debt consolidation,047xx,ME,9.3,0,9883.84,9883.84,7243.37,2640.47,0,0,0,Feb-19,260.52
68586642,18000,18000,18000,36 months,5.32,542.07,A,A1,Waiver Support Coordinator ,10+ years,OWN,76000,Not Verified,15-Dec,Fully Paid,n,https://lendingclub.com/browse/loanDetail.action?loan_id=68586642,,home_improvement,Home improvement,316xx,GA,18.44,1,19486.121738656202,19486.12,18000,1486.12,0,0,0,Sep-18,2695.25
68526280,10000,10000,10000,36 months,5.32,301.15,A,A1,Software Developer,10+ years,MORTGAGE,80000,Not Verified,15-Dec,Fully Paid,n,https://lendingclub.com/browse/loanDetail.action?loan_id=68526280,,credit_card,Credit card refinancing,293xx,SC,25.73,0,10322.13,10322.13,10000,322.13,0,0,0,Sep-16,8221.47
68535736,11200,11200,11200,36 months,11.99,371.95,C,C1,Assembly Worker,< 1 year,RENT,37000,Verified,15-Dec,Charged Off,n,https://lendingclub.com/browse/loanDetail.action?loan_id=68535736,,debt_consolidation,Debt consolidation,476xx,IN,7.78,0,2488.62,2488.62,1055.87,413.28,0,1019.47,183.5046,May-16,371.95
68416327,2150,2150,2150,36 months,17.27,76.95,D,D3,Nursing Assistant,3 years,OWN,18300,Verified,15-Dec,Charged Off,n,https://lendingclub.com/browse/loanDetail.action?loan_id=68416327,,medical,Medical expenses,431xx,OH,11.74,0,582.9,582.9,236.75,155.21,0,190.94,34.3692,Jun-16,76.95
68553376,9000,9000,9000,36 months,12.88,302.73,C,C2,System architect,10+ years,RENT,110000,Verified,15-Dec,Fully Paid,n,https://lendingclub.com/browse/loanDetail.action?loan_id=68553376,,debt_consolidation,Debt consolidation,641xx,MO,17.29,0,10916.51552,10916.52,9000,1916.52,0,0,0,Jan-19,302.54
68366362,12500,12500,12500,36 months,7.49,388.78,A,A4,engineer,10+ years,MORTGAGE,99500,Not Verified,15-Dec,Fully Paid,n,https://lendingclub.com/browse/loanDetail.action?loan_id=68366362,,debt_consolidation,Debt consolidation,028xx,RI,12.18,0,13549.81526,13549.82,12500,1049.82,0,0,0,Jun-17,7342.34
68476214,6000,6000,6000,36 months,5.32,180.69,A,A1,Human Resources,< 1 year,MORTGAGE,52000,Not Verified,15-Dec,Fully Paid,n,https://lendingclub.com/browse/loanDetail.action?loan_id=68476214,,credit_card,Credit card refinancing,875xx,NM,15.82,0,6496.7687135593005,6496.77,6000,496.77,0,0,0,Nov-18,177.05
68564614,20000,20000,20000,36 months,14.85,691.84,C,C5,Manager,6 years,RENT,60000,Verified,15-Dec,Charged Off,n,https://lendingclub.com/browse/loanDetail.action?loan_id=68564614,,debt_consolidation,Debt consolidation,296xx,SC,26.02,0,16443.8,16443.8,11151.99,4049.17,0,1242.64,12.4264,Nov-17,691.84
68446144,21000,21000,21000,60 months,16.59,517.29,D,D2,Consultant,10+ years,RENT,90000,Not Verified,15-Dec,Charged Off,n,https://lendingclub.com/browse/loanDetail.action?loan_id=68446144,,debt_consolidation,Debt consolidation,945xx,CA,12.09,1,4069.46,4069.46,457.07,616.12,0,2996.27,539.3286,Jun-16,47
68062754,35000,35000,35000,60 months,11.99,778.38,C,C1,Senior Manager,< 1 year,MORTGAGE,148000,Source Verified,15-Dec,Fully Paid,n,https://lendingclub.com/browse/loanDetail.action?loan_id=68062754,,credit_card,Credit card refinancing,275xx,NC,13.33,0,36974.87,36974.87,35000,1974.87,0,0,0,Jul-16,33141.25
67325759,30000,30000,30000,60 months,16.59,738.98,D,D2,Driver,10+ years,MORTGAGE,94000,Source Verified,15-Dec,Fully Paid,n,https://lendingclub.com/browse/loanDetail.action?loan_id=67325759,,debt_consolidation,Debt consolidation,376xx,TN,33.15,1,41841.02249,41841.02,30000,11841.02,0,0,0,Feb-19,15306.86
68525937,6000,6000,6000,36 months,8.49,189.38,B,B1,Phlebotomist,3 years,RENT,36000,Not Verified,15-Dec,Fully Paid,n,https://lendingclub.com/browse/loanDetail.action?loan_id=68525937,,debt_consolidation,Debt consolidation,072xx,NJ,23.84,2,6707.687999,6707.69,6000,707.69,0,0,0,Jul-18,557.75
68566108,28000,28000,28000,36 months,7.91,876.26,A,A5,Network Engineer,10+ years,MORTGAGE,111000,Source Verified,15-Dec,Fully Paid,n,https://lendingclub.com/browse/loanDetail.action?loan_id=68566108,,debt_consolidation,Debt consolidation,300xx,GA,17.76,0,31514.44504,31514.45,28000,3514.45,0,0,0,Jan-19,876.11
67298392,6000,6000,6000,36 months,11.99,199.26,C,C1,Health therapist ,10+ years,RENT,51000,Verified,15-Dec,Fully Paid,n,https://lendingclub.com/browse/loanDetail.action?loan_id=67298392,,debt_consolidation,Debt consolidation,943xx,OR,25.04,0,6719.17466,6719.17,6000,719.17,0,0,0,Mar-17,4128.79
68496404,15000,15000,15000,60 months,13.44,344.69,C,C3,Registered Nurse,10+ years,RENT,120000,Not Verified,15-Dec,Current,n,https://lendingclub.com/browse/loanDetail.action?loan_id=68496404,,debt_consolidation,Debt consolidation,100xx,NY,28.77,0,13112.12,13112.12,8310.42,4801.7,0,0,0,Mar-19,344.69
68606485,14000,14000,14000,60 months,9.17,291.78,B,B2,Sr. Network Engineer,2 years,RENT,105000,Not Verified,15-Dec,Current,n,https://lendingclub.com/browse/loanDetail.action?loan_id=68606485,,credit_card,Credit card refinancing,021xx,MA,9.11,0,11069.81,11069.81,8112.47,2957.34,0,0,0,Feb-19,291.78
68356286,15000,15000,15000,60 months,11.99,333.6,C,C1,Senior Paralegal,10+ years,MORTGAGE,103000,Verified,15-Dec,Charged Off,n,https://lendingclub.com/browse/loanDetail.action?loan_id=68356286,,home_improvement,Home improvement,770xx,TX,32.33,0,4053.15,4053.15,2329.98,1723.17,0,0,0,Jan-17,333.6
66411184,30800,30800,30800,60 months,17.97,781.62,D,D4,Director of Appeals ,10+ years,MORTGAGE,111000,Verified,15-Dec,Fully Paid,n,https://lendingclub.com/browse/loanDetail.action?loan_id=66411184,,credit_card,Credit card refinancing,244xx,VA,33.98,0,33545.92,33545.92,30800,2745.92,0,0,0,Jul-16,163.69
68416253,12000,12000,12000,36 months,10.78,391.62,B,B4,Operation NCO,10+ years,RENT,86308,Source Verified,15-Dec,Charged Off,n,https://lendingclub.com/browse/loanDetail.action?loan_id=68416253,,debt_consolidation,Debt consolidation,210xx,MD,19.13,0,10984.93,10984.93,8986.94,1978.41,19.58,0,0,May-18,391.62
68486602,2000,2000,2000,36 months,12.88,67.28,C,C2,Economist,6 years,RENT,86564,Verified,15-Dec,Fully Paid,n,https://lendingclub.com/browse/loanDetail.action?loan_id=68486602,,credit_card,Credit card refinancing,221xx,VA,27.73,0,2433.873743,2433.87,2000,418.87,15,0,0,Jan-19,67.65
68376191,4275,4275,4275,36 months,17.27,153,D,D3,CNc machinist,1 year,MORTGAGE,38500,Verified,15-Dec,Fully Paid,n,https://lendingclub.com/browse/loanDetail.action?loan_id=68376191,,debt_consolidation,Debt consolidation,138xx,NY,28.55,1,5333.107381,5333.11,4275,1058.11,0,0,0,Dec-17,1977.36
68466135,6000,6000,6000,36 months,5.32,180.69,A,A1,Quality Inspector,2 years,MORTGAGE,42000,Not Verified,15-Dec,Fully Paid,n,https://lendingclub.com/browse/loanDetail.action?loan_id=68466135,,home_improvement,Home improvement,210xx,MD,16.11,0,6279.930017,6279.93,6000,279.93,0,0,0,Jan-17,4296.77
68496423,18000,18000,18000,36 months,7.91,563.31,A,A5,Clinical Team Assistan,1 year,RENT,45000,Source Verified,15-Dec,Fully Paid,n,https://lendingclub.com/browse/loanDetail.action?loan_id=68496423,,credit_card,Credit card refinancing,554xx,MN,10.48,1,20035.95384,20035.95,18000,2035.95,0,0,0,Nov-18,566.5
68376383,25000,25000,25000,36 months,11.99,830.24,C,C1,Data Systems Specialist,10+ years,MORTGAGE,70000,Not Verified,15-Dec,Fully Paid,n,https://lendingclub.com/browse/loanDetail.action?loan_id=68376383,,debt_consolidation,Debt consolidation,761xx,TX,23.21,0,28713.64773,28713.65,25000,3713.65,0,0,0,Aug-17,13050.39
68396300,6000,6000,6000,36 months,9.8,193.05,B,B3,Keyboard Clerk II,3 years,RENT,41500,Verified,15-Dec,Fully Paid,n,https://lendingclub.com/browse/loanDetail.action?loan_id=68396300,,credit_card,Credit card refinancing,088xx,NJ,19.81,1,6943.272579,6943.27,6000,943.27,0,0,0,Nov-18,504.9
68616256,9900,9900,9900,36 months,9.17,315.61,B,B2,Farm Manager,10+ years,RENT,57000,Not Verified,15-Dec,Fully Paid,n,https://lendingclub.com/browse/loanDetail.action?loan_id=68616256,,credit_card,Credit card refinancing,013xx,MA,21.71,0,11348.82868,11348.83,9900,1448.83,0,0,0,Dec-18,630.7
68586963,35000,35000,35000,36 months,7.49,1088.56,A,A4,Maintenance Test Pilot,5 years,MORTGAGE,125000,Source Verified,15-Dec,Fully Paid,n,https://lendingclub.com/browse/loanDetail.action?loan_id=68586963,,credit_card,Credit card refinancing,983xx,WA,21.72,0,39157.80564,39157.81,35000,4157.81,0,0,0,Jan-19,1088.45
68386352,18250,18250,18250,60 months,19.89,482.4,E,E3,Attorney,1 year,OWN,36500,Source Verified,15-Dec,Charged Off,n,https://lendingclub.com/browse/loanDetail.action?loan_id=68386352,,debt_consolidation,Debt consolidation,378xx,TN,27.52,0,7786.3,7786.3,2366.97,3371.41,0,2047.92,368.6256,Jan-17,482.4
68425452,12000,12000,12000,36 months,5.32,361.38,A,A1,,,MORTGAGE,110000,Not Verified,15-Dec,Fully Paid,n,https://lendingclub.com/browse/loanDetail.action?loan_id=68425452,,credit_card,Credit card refinancing,165xx,PA,16.19,0,12952.04633,12952.05,12000,952.05,0,0,0,Aug-18,814.01
68423841,30000,30000,30000,36 months,12.88,1009.09,C,C2,Sr. Portfolio Manager,10+ years,RENT,139000,Verified,15-Dec,Fully Paid,n,https://lendingclub.com/browse/loanDetail.action?loan_id=68423841,,credit_card,Credit card refinancing,980xx,WA,21.38,1,36273.37122,36273.37,30000,6273.37,0,0,0,Jan-19,1008.89
68606504,21000,21000,21000,36 months,9.17,669.46,B,B2,Senior business analyst,4 years,RENT,80000,Not Verified,15-Dec,Fully Paid,n,https://lendingclub.com/browse/loanDetail.action?loan_id=68606504,,debt_consolidation,Debt consolidation,303xx,GA,23.42,0,22975.300615364504,22975.3,21000,1975.3,0,0,0,Apr-17,13629.61
68356337,1000,1000,1000,36 months,12.88,33.64,C,C2,Teacher,10+ years,RENT,45000,Not Verified,15-Dec,Fully Paid,n,https://lendingclub.com/browse/loanDetail.action?loan_id=68356337,,other,Other,224xx,VA,39.11,0,1202.34875,1202.35,1000,202.35,0,0,0,Jul-18,228.58
68446017,3600,3600,3600,36 months,11.99,119.56,C,C1,Pizza chef,10+ years,RENT,55000,Not Verified,15-Dec,Charged Off,n,https://lendingclub.com/browse/loanDetail.action?loan_id=68446017,,debt_consolidation,Debt consolidation,331xx,FL,27.93,0,719.16,719.16,513.36,205.8,0,0,0,Jul-16,239.12
68339340,12000,12000,12000,36 months,11.48,395.6,B,B5,Secretary,3 years,MORTGAGE,47140,Source Verified,15-Dec,Fully Paid,n,https://lendingclub.com/browse/loanDetail.action?loan_id=68339340,,debt_consolidation,,085xx,NJ,33.1,2,14222.38216,14222.38,12000,2222.38,0,0,0,Jan-19,395.51
67849899,20000,20000,20000,36 months,6.99,617.46,A,A3,HR,1 year,MORTGAGE,100000,Not Verified,15-Dec,Fully Paid,n,https://lendingclub.com/browse/loanDetail.action?loan_id=67849899,,debt_consolidation,Debt consolidation,100xx,NY,7.1,0,20418.24,20418.24,20000,418.24,0,0,0,Apr-16,19202.74
68504948,15000,15000,15000,36 months,5.32,451.73,A,A1,Administrative analyst,< 1 year,RENT,55000,Source Verified,15-Dec,Fully Paid,n,https://lendingclub.com/browse/loanDetail.action?loan_id=68504948,,credit_card,Credit card refinancing,089xx,NJ,25.25,0,16071.99918,16072,15000,1072,0,0,0,Nov-17,6596.75
68576157,30000,30000,30000,60 months,15.77,725.89,D,D1,Digital Marketing Director,3 years,RENT,80000,Verified,15-Dec,Current,n,https://lendingclub.com/browse/loanDetail.action?loan_id=68576157,,debt_consolidation,Debt consolidation,553xx,MN,36.05,1,27518.11,27518.11,16210.29,11307.82,0,0,0,Feb-19,725.89
68546214,7000,7000,7000,36 months,11.48,230.77,B,B5,Computer Technician,4 years,OWN,41000,Verified,15-Dec,Fully Paid,n,https://lendingclub.com/browse/loanDetail.action?loan_id=68546214,,home_improvement,Home improvement,493xx,MI,19.79,0,7138.23,7138.23,7000,138.23,0,0,0,Mar-16,6918.62
68595847,30000,30000,30000,36 months,14.85,1037.76,C,C5,IT System Analyst,10+ years,MORTGAGE,112000,Source Verified,15-Dec,Fully Paid,n,https://lendingclub.com/browse/loanDetail.action?loan_id=68595847,,debt_consolidation,Debt consolidation,326xx,FL,19.07,2,32515.71,32515.71,30000,2515.71,0,0,0,Aug-16,26351.03
68385418,2000,2000,2000,36 months,13.44,67.82,C,C3,Accountant,10+ years,MORTGAGE,43500,Source Verified,15-Dec,Fully Paid,n,https://lendingclub.com/browse/loanDetail.action?loan_id=68385418,,debt_consolidation,Debt consolidation,725xx,AR,27.61,6,2157.71,2157.71,2000,157.71,0,0,0,Aug-16,1744.63
68546844,13000,13000,13000,36 months,10.78,424.26,B,B4,access service rep,10+ years,MORTGAGE,45000,Verified,15-Dec,Fully Paid,n,https://lendingclub.com/browse/loanDetail.action?loan_id=68546844,,debt_consolidation,Debt consolidation,410xx,KY,26.64,0,15011.47334,15011.47,13000,2011.47,0,0,0,Feb-18,4848.69
68526168,15000,15000,15000,36 months,7.91,469.43,A,A5,Director of Materials,10+ years,OWN,170000,Verified,15-Dec,Fully Paid,n,https://lendingclub.com/browse/loanDetail.action?loan_id=68526168,,credit_card,Credit card refinancing,189xx,PA,7.24,0,16882.71458,16882.71,15000,1882.71,0,0,0,Jan-19,469.14
68577192,17000,17000,17000,36 months,12.88,571.82,C,C2,UI Designer,9 years,RENT,89000,Verified,15-Dec,Fully Paid,n,https://lendingclub.com/browse/loanDetail.action?loan_id=68577192,,debt_consolidation,Debt consolidation,920xx,CA,21.02,0,19516.98356,19516.98,17000,2516.98,0,0,0,Jun-17,10398.27
68606424,14000,14000,14000,36 months,6.99,432.22,A,A3,Sales Associate ,5 years,OWN,65000,Not Verified,15-Dec,Fully Paid,n,https://lendingclub.com/browse/loanDetail.action?loan_id=68606424,,debt_consolidation,Debt consolidation,071xx,NJ,15.22,1,14682.27,14682.27,14000,682.27,0,0,0,Sep-16,11629.55
68366348,10500,10500,10500,60 months,18.49,269.44,D,D5,Dispatcher,8 years,MORTGAGE,47000,Not Verified,15-Dec,Charged Off,n,https://lendingclub.com/browse/loanDetail.action?loan_id=68366348,,debt_consolidation,Debt consolidation,280xx,NC,29.55,0,2873,2873,1154.32,1513.12,0,205.56,37.0008,Nov-16,269.44
68576962,15000,15000,15000,60 months,13.44,344.69,C,C3,Program Specialist,7 years,OWN,43500,Verified,15-Dec,Fully Paid,n,https://lendingclub.com/browse/loanDetail.action?loan_id=68576962,,debt_consolidation,Debt consolidation,786xx,TX,24.61,0,18179.499568369098,18179.5,15000,3179.5,0,0,0,Oct-17,11296.9
68596251,12600,12600,12600,36 months,7.91,394.32,A,A5,Reporter,7 years,RENT,73000,Not Verified,15-Dec,Fully Paid,n,https://lendingclub.com/browse/loanDetail.action?loan_id=68596251,,credit_card,Credit card refinancing,460xx,IN,21.58,0,14091.32297,14091.32,12600,1491.32,0,0,0,May-18,3096.61
68586919,12000,12000,12000,36 months,5.32,361.38,A,A1,Electronics Technician,9 years,MORTGAGE,98000,Not Verified,15-Dec,Fully Paid,n,https://lendingclub.com/browse/loanDetail.action?loan_id=68586919,,major_purchase,Major purchase,932xx,CA,17.73,0,12867.52032,12867.52,12000,867.52,0,0,0,Dec-17,4926.03
68366326,28000,28000,28000,60 months,15.77,677.49,D,D1,Portfolio Executive,1 year,RENT,118000,Verified,15-Dec,Fully Paid,n,https://lendingclub.com/browse/loanDetail.action?loan_id=68366326,,debt_consolidation,Debt consolidation,460xx,IN,35.91,0,34844.64477,34844.64,28000,6844.64,0,0,0,Sep-17,21491.1
68506242,11750,11750,11750,60 months,28.49,369.33,G,G4,Seamstress,1 year,OWN,28000,Verified,15-Dec,Charged Off,n,https://lendingclub.com/browse/loanDetail.action?loan_id=68506242,,debt_consolidation,Debt consolidation,388xx,MS,22.16,0,4798.76,4798.76,1006.57,2640.24,0,1151.95,207.351,Nov-16,369.33
68476096,24000,24000,24000,60 months,9.8,507.58,B,B3,President,2 years,MORTGAGE,105000,Not Verified,15-Dec,Fully Paid,n,https://lendingclub.com/browse/loanDetail.action?loan_id=68476096,,debt_consolidation,Debt consolidation,774xx,TX,8.32,0,28174.62929,28174.63,24000,4174.63,0,0,0,Feb-18,15992.72
68546780,8300,8300,8300,36 months,7.91,259.75,A,A5,,,RENT,52000,Not Verified,15-Dec,Fully Paid,n,https://lendingclub.com/browse/loanDetail.action?loan_id=68546780,,debt_consolidation,Debt consolidation,801xx,CO,9.46,0,8510.16,8510.16,8300,210.16,0,0,0,May-16,7736.39
68446215,15000,15000,15000,36 months,7.49,466.53,A,A4,Teacher,10+ years,MORTGAGE,67879,Not Verified,15-Dec,Fully Paid,n,https://lendingclub.com/browse/loanDetail.action?loan_id=68446215,,credit_card,Credit card refinancing,130xx,NY,29.6,0,16794.85932,16794.86,15000,1794.86,0,0,0,Jan-19,466.31
68536802,24000,24000,24000,60 months,14.85,569.08,C,C5,Bookkeeping Supervisor,5 years,RENT,65000,Source Verified,15-Dec,Current,n,https://lendingclub.com/browse/loanDetail.action?loan_id=68536802,,debt_consolidation,Debt consolidation,763xx,TX,22.29,0,22015.83,22015.83,13533.21,8482.62,0,0,0,Mar-19,569.08
68506210,8000,8000,8000,36 months,10.78,261.08,B,B4,Senior Financial Analyst,5 years,MORTGAGE,53000,Verified,15-Dec,Fully Paid,n,https://lendingclub.com/browse/loanDetail.action?loan_id=68506210,,debt_consolidation,Debt consolidation,328xx,FL,20.13,0,9386.775355,9386.78,8000,1386.78,0,0,0,Jan-19,260.96
68616285,24000,24000,24000,60 months,18.99,622.45,E,E1,sales manager,4 years,RENT,230000,Source Verified,15-Dec,Charged Off,n,https://lendingclub.com/browse/loanDetail.action?loan_id=68616285,,debt_consolidation,Debt consolidation,970xx,OR,14.44,0,20511.22,20511.22,10381.93,10098.17,31.12,0,0,Oct-18,622.45
68566144,35000,35000,35000,60 months,14.85,829.9,C,C5,machinest,10+ years,OWN,90000,Verified,15-Dec,Fully Paid,n,https://lendingclub.com/browse/loanDetail.action?loan_id=68566144,,debt_consolidation,Debt consolidation,453xx,OH,19.13,0,44012.288227727004,44012.29,35000,9012.29,0,0,0,Jan-18,27330.01
68476147,12000,12000,12000,36 months,11.48,395.6,B,B5,Financial operations specialist ,7 years,MORTGAGE,85000,Source Verified,15-Dec,Fully Paid,n,https://lendingclub.com/browse/loanDetail.action?loan_id=68476147,,debt_consolidation,Debt consolidation,190xx,PA,22.87,1,14113.623528138001,14113.62,12000,2113.62,0,0,0,Jun-18,1867.95
68586984,13050,13050,13050,60 months,26.06,391.19,F,F5,Teacher,10+ years,MORTGAGE,43500,Verified,15-Dec,Fully Paid,n,https://lendingclub.com/browse/loanDetail.action?loan_id=68586984,,debt_consolidation,Debt consolidation,275xx,NC,22.79,0,19809.77516,19809.78,13050,6740.22,19.56,0,0,Oct-18,302.37
68616073,14000,14000,14000,60 months,11.99,311.36,C,C1,MSG,10+ years,MORTGAGE,160000,Not Verified,15-Dec,Current,n,https://lendingclub.com/browse/loanDetail.action?loan_id=68616073,,debt_consolidation,Debt consolidation,359xx,AL,12.98,1,11808.37,11808.37,7878.54,3929.83,0,0,0,Feb-19,311.36
68546923,8400,8400,8400,36 months,5.32,252.97,A,A1,Social worker,10+ years,MORTGAGE,95000,Not Verified,15-Dec,Charged Off,n,https://lendingclub.com/browse/loanDetail.action?loan_id=68546923,,debt_consolidation,Debt consolidation,080xx,NJ,21.79,0,7076.95,7076.95,6416.24,660.71,0,0,0,May-18,252.97
68416151,9600,9600,9600,36 months,9.17,306.04,B,B2,Operator,8 years,MORTGAGE,90000,Not Verified,15-Dec,Fully Paid,n,https://lendingclub.com/browse/loanDetail.action?loan_id=68416151,,debt_consolidation,Debt consolidation,400xx,KY,15.15,1,11005.10909,11005.11,9600,1405.11,0,0,0,Jan-19,305.94
68396279,10000,10000,10000,36 months,9.17,318.79,B,B2,President  (mechanic),4 years,RENT,35000,Not Verified,15-Dec,Fully Paid,n,https://lendingclub.com/browse/loanDetail.action?loan_id=68396279,,debt_consolidation,Debt consolidation,331xx,FL,10.55,0,11464.54983,11464.55,10000,1464.55,0,0,0,Feb-19,0.85
68526276,1800,1800,1800,36 months,9.17,57.39,B,B2,Financial Rep,1 year,MORTGAGE,72000,Not Verified,15-Dec,Fully Paid,n,https://lendingclub.com/browse/loanDetail.action?loan_id=68526276,,debt_consolidation,Debt consolidation,300xx,GA,13.42,0,1894.14,1894.14,1800,94.14,0,0,0,Aug-16,1500.74
68486598,15000,15000,15000,36 months,12.88,504.55,C,C2,Mortgage underwriter,5 years,MORTGAGE,94000,Source Verified,15-Dec,Fully Paid,n,https://lendingclub.com/browse/loanDetail.action?loan_id=68486598,,debt_consolidation,Debt consolidation,430xx,OH,13.21,0,16908.45667,16908.46,15000,1908.46,0,0,0,Mar-17,10376.14
67575363,6000,6000,6000,36 months,9.17,191.28,B,B2,Pre Loader,1 year,RENT,20000,Source Verified,15-Dec,Fully Paid,n,https://lendingclub.com/browse/loanDetail.action?loan_id=67575363,,debt_consolidation,Debt consolidation,981xx,WA,16.99,0,6896.920728935401,6896.92,6000,881.92,15,0,0,Feb-19,2.14
68496382,10000,10000,10000,36 months,6.49,306.45,A,A2,Claims Adjuster,< 1 year,MORTGAGE,35000,Source Verified,15-Dec,Fully Paid,n,https://lendingclub.com/browse/loanDetail.action?loan_id=68496382,,home_improvement,Home improvement,487xx,MI,19.44,0,11017.21883,11017.22,10000,1017.22,0,0,0,Oct-18,1219.83
68436232,25000,25000,25000,36 months,5.32,752.87,A,A1,CUSTOMER SERVICE MANAGER,10+ years,RENT,99000,Not Verified,15-Dec,Fully Paid,n,https://lendingclub.com/browse/loanDetail.action?loan_id=68436232,,credit_card,Credit card refinancing,607xx,IL,18.47,0,27084.83178,27084.83,25000,2084.83,0,0,0,Jan-19,752.85
68062761,8675,8675,8675,36 months,19.89,321.91,E,E3,,,MORTGAGE,36000,Verified,15-Dec,Fully Paid,n,https://lendingclub.com/browse/loanDetail.action?loan_id=68062761,,debt_consolidation,Debt consolidation,212xx,MD,33.93,0,9721.2,9721.2,8675,1046.2,0,0,0,Aug-16,7743.29
67437816,14000,14000,14000,36 months,14.85,484.29,C,C5,shop manager,2 years,RENT,44500,Verified,15-Dec,Charged Off,n,https://lendingclub.com/browse/loanDetail.action?loan_id=67437816,,debt_consolidation,Debt consolidation,707xx,LA,20.05,0,13629.53,13629.53,9897.83,3154.23,0,577.47,103.9446,Apr-18,484.29
68615524,16000,16000,16000,60 months,12.88,363.07,C,C2,Warehouse Team Leader,10+ years,MORTGAGE,64000,Not Verified,15-Dec,Fully Paid,n,https://lendingclub.com/browse/loanDetail.action?loan_id=68615524,,debt_consolidation,Debt consolidation,337xx,FL,5.76,0,18852.08096,18852.08,16000,2852.08,0,0,0,Jul-17,12708.51
68466270,21700,21700,21700,60 months,22.45,604.9,F,F1,Executive Assistant,10+ years,OWN,60300,Verified,15-Dec,Fully Paid,n,https://lendingclub.com/browse/loanDetail.action?loan_id=68466270,,debt_consolidation,Debt consolidation,217xx,MD,24.74,1,22925.3004,22925.3,21700,1225.3,0,0,0,May-16,578.26
68616129,2800,2800,2800,36 months,17.97,101.19,D,D4,Financial Controller,2 years,RENT,58000,Not Verified,15-Dec,Fully Paid,n,https://lendingclub.com/browse/loanDetail.action?loan_id=68616129,,small_business,Business,934xx,CA,18.6,0,3619.4114370453003,3619.41,2800,819.41,0,0,0,Jul-18,682.11
68526115,3600,3600,3600,36 months,6.99,111.15,A,A3,Director of Supply Management,10+ years,MORTGAGE,150000,Source Verified,15-Dec,Fully Paid,n,https://lendingclub.com/browse/loanDetail.action?loan_id=68526115,,debt_consolidation,Debt consolidation,015xx,MA,28.08,0,3727.42,3727.42,3600,127.42,0,0,0,Jul-16,3175.17
68576996,20000,20000,20000,36 months,6.99,617.46,A,A3,General Manager,10+ years,RENT,105000,Verified,15-Dec,Fully Paid,n,https://lendingclub.com/browse/loanDetail.action?loan_id=68576996,,credit_card,Credit card refinancing,432xx,OH,19.02,0,22167.9157,22167.92,20000,2167.92,0,0,0,Sep-18,12.37
68474286,30000,30000,30000,60 months,19.48,786.17,E,E2,Principal,10+ years,MORTGAGE,88000,Source Verified,15-Dec,Fully Paid,n,https://lendingclub.com/browse/loanDetail.action?loan_id=68474286,,debt_consolidation,Debt consolidation,752xx,TX,18.47,0,36716.39934,36716.4,30000,6716.4,0,0,0,Apr-17,25391.19
68393490,20000,20000,20000,36 months,7.49,622.04,A,A4,VP of Clinical Services,4 years,RENT,105000,Not Verified,15-Dec,Fully Paid,n,https://lendingclub.com/browse/loanDetail.action?loan_id=68393490,,debt_consolidation,Debt consolidation,287xx,NC,9.71,1,22372.328853477004,22372.33,20000,2372.33,0,0,0,Jan-19,621.74
68616236,30000,30000,30000,60 months,20.5,803.19,E,E4,"PR Manager, Americas",< 1 year,MORTGAGE,98000,Source Verified,15-Dec,Fully Paid,n,https://lendingclub.com/browse/loanDetail.action?loan_id=68616236,,debt_consolidation,Debt consolidation,023xx,MA,7.96,2,39090.10526,39090.11,30000,9090.11,0,0,0,Aug-17,24718.11
68396314,10000,10000,10000,36 months,9.8,321.74,B,B3,Attorney,1 year,RENT,75000,Source Verified,15-Dec,Fully Paid,n,https://lendingclub.com/browse/loanDetail.action?loan_id=68396314,,debt_consolidation,Debt consolidation,941xx,CA,14.16,0,11586.85402,11586.85,10000,1570.76,16.09,0,0,Jan-19,339.56
68366445,30000,30000,30000,60 months,13.99,697.9,C,C4,Senior Service Tech,< 1 year,OWN,70000,Verified,15-Dec,Fully Paid,n,https://lendingclub.com/browse/loanDetail.action?loan_id=68366445,,home_improvement,Home improvement,280xx,NC,20.72,0,35826.89721,35826.9,30000,5826.9,0,0,0,Jul-17,24020.89
68486645,3350,3350,3350,36 months,7.91,104.84,A,A5,,,MORTGAGE,42251,Not Verified,15-Dec,Fully Paid,n,https://lendingclub.com/browse/loanDetail.action?loan_id=68486645,,credit_card,Credit card refinancing,396xx,MS,23.49,0,3719.193885,3719.19,3350,369.19,0,0,0,Jan-18,1310.82
68062788,12000,12000,12000,60 months,18.99,311.23,E,E1,Truck Driver,< 1 year,RENT,50000,Verified,15-Dec,Charged Off,n,https://lendingclub.com/browse/loanDetail.action?loan_id=68062788,,credit_card,Credit card refinancing,900xx,CA,21.87,0,3024.68,3024.68,757.4,1078.33,0,1188.95,214.011,Jul-16,311.23
68476141,6000,6000,6000,36 months,7.49,186.61,A,A4,Store Manager,10+ years,MORTGAGE,67000,Not Verified,15-Dec,Fully Paid,n,https://lendingclub.com/browse/loanDetail.action?loan_id=68476141,,credit_card,Credit card refinancing,844xx,UT,29.05,0,6705.023840084399,6705.02,6000,705.02,0,0,0,Oct-18,739.74
68366369,19200,19200,19200,60 months,10.78,415.36,B,B4,Business Consultant,< 1 year,RENT,65000,Not Verified,15-Dec,Fully Paid,n,https://lendingclub.com/browse/loanDetail.action?loan_id=68366369,,debt_consolidation,Debt consolidation,300xx,GA,15.5,0,22866.87421,22866.87,19200,3666.87,0,0,0,Feb-18,12926.98
68486648,12000,12000,12000,60 months,11.48,263.8,B,B5,Principal,5 years,MORTGAGE,110000,Source Verified,15-Dec,Fully Paid,n,https://lendingclub.com/browse/loanDetail.action?loan_id=68486648,,debt_consolidation,Debt consolidation,309xx,GA,4.9,5,15240.78501,15240.79,12000,3240.79,0,0,0,Feb-19,5499.32
68586872,20000,20000,20000,36 months,6.49,612.89,A,A2,IT Systems Analyst,10+ years,OWN,78000,Not Verified,15-Dec,Fully Paid,n,https://lendingclub.com/browse/loanDetail.action?loan_id=68586872,,credit_card,Credit card refinancing,320xx,FL,21.6,0,21849.2488,21849.25,20000,1849.25,0,0,0,Jan-18,7742.12
68395978,13200,13200,13200,36 months,14.85,456.62,C,C5,Project Development Coordinator,1 year,OWN,61000,Verified,15-Dec,Fully Paid,n,https://lendingclub.com/browse/loanDetail.action?loan_id=68395978,,debt_consolidation,Debt consolidation,103xx,NY,15.42,0,16087.870851779198,16087.87,13200,2887.87,0,0,0,Feb-18,5156.21
66424761,35000,35000,35000,36 months,7.91,1095.33,A,A5,Principal Consultant,4 years,OWN,145000,Source Verified,15-Dec,Fully Paid,n,https://lendingclub.com/browse/loanDetail.action?loan_id=66424761,,credit_card,Credit card refinancing,281xx,NC,13.77,0,39393.0339,39393.03,35000,4393.03,0,0,0,Jan-19,1094.93
68475219,14400,14400,14400,36 months,8.49,454.51,B,B1,Program Coordinator,< 1 year,RENT,47000,Not Verified,15-Dec,Fully Paid,n,https://lendingclub.com/browse/loanDetail.action?loan_id=68475219,,debt_consolidation,Debt consolidation,787xx,TX,27.96,0,16414.01417,16414.01,14400,2014.01,0,0,0,Feb-19,24.02
68566263,3000,3000,3000,36 months,11.48,98.9,B,B5,CSR,5 years,MORTGAGE,45000,Source Verified,15-Dec,Fully Paid,n,https://lendingclub.com/browse/loanDetail.action?loan_id=68566263,,debt_consolidation,Debt consolidation,306xx,GA,15.73,0,3246.27,3246.27,3000,246.27,0,0,0,Oct-16,2451.05
68406784,23200,23200,23200,36 months,9.17,739.6,B,B2,Senior Project Development Engineer,< 1 year,RENT,110000,Verified,15-Dec,Fully Paid,n,https://lendingclub.com/browse/loanDetail.action?loan_id=68406784,,credit_card,Credit card refinancing,024xx,MA,18.84,0,26507.027299013702,26507.03,23200,3307.03,0,0,0,Dec-18,739.23
68062801,18250,18250,18250,36 months,11.48,601.64,B,B5,,,MORTGAGE,39696,Not Verified,15-Dec,Fully Paid,n,https://lendingclub.com/browse/loanDetail.action?loan_id=68062801,,credit_card,Credit card refinancing,303xx,GA,24.55,0,21629.87763,21629.88,18250,3379.88,0,0,0,Jan-19,601.58
68406429,14000,14000,14000,60 months,19.89,370.06,E,E3,production ,3 years,MORTGAGE,75000,Source Verified,15-Dec,Fully Paid,n,https://lendingclub.com/browse/loanDetail.action?loan_id=68406429,,debt_consolidation,Debt consolidation,439xx,OH,16.03,0,20842.920066433002,20842.92,14000,6842.92,0,0,0,Feb-19,7189.38
68616110,12000,12000,12000,36 months,13.99,410.08,C,C4,teacher/coach,10+ years,MORTGAGE,90000,Source Verified,15-Dec,Charged Off,n,https://lendingclub.com/browse/loanDetail.action?loan_id=68616110,,debt_consolidation,Debt consolidation,448xx,OH,29.15,2,9503.37,9503.37,6294.18,2360.96,61.5,786.73,141.6114,Nov-17,430.58
68426043,3000,3000,3000,36 months,13.44,101.72,C,C3,Truck Driver ,2 years,RENT,50740,Source Verified,15-Dec,Fully Paid,n,https://lendingclub.com/browse/loanDetail.action?loan_id=68426043,,other,Other,852xx,AZ,17.24,0,3643.4818537779997,3643.48,3000,643.48,0,0,0,Dec-18,101.67
68586816,4000,4000,4000,36 months,7.49,124.41,A,A4,Plant manager,5 years,RENT,83500,Verified,15-Dec,Fully Paid,n,https://lendingclub.com/browse/loanDetail.action?loan_id=68586816,,car,Car financing,480xx,MI,2.17,0,4472.56079,4472.56,4000,472.56,0,0,0,Nov-18,371.19
68577070,5000,5000,5000,36 months,11.99,166.05,C,C1,Owner,2 years,RENT,65000,Verified,15-Dec,Charged Off,n,https://lendingclub.com/browse/loanDetail.action?loan_id=68577070,,major_purchase,Major purchase,750xx,TX,18.52,0,1901.45,1901.45,1087.57,418.72,0,395.16,71.1288,Oct-16,186.22
68272601,12425,12425,12425,60 months,18.99,322.25,E,E1,,,RENT,24897.72,Not Verified,15-Dec,Fully Paid,n,https://lendingclub.com/browse/loanDetail.action?loan_id=68272601,,debt_consolidation,Debt consolidation,124xx,NY,6.62,0,14028.78,14028.78,12425,1603.78,0,0,0,Sep-16,11792.7
67908904,31325,31325,31325,36 months,15.77,1097.75,D,D1,Associate Creative Director,1 year,RENT,157000,Source Verified,15-Dec,Fully Paid,n,https://lendingclub.com/browse/loanDetail.action?loan_id=67908904,,credit_card,Credit card refinancing,100xx,NY,30.13,0,37626.30754,37626.31,31325,6301.31,0,0,0,Aug-17,17935.42
68386309,28000,28000,28000,36 months,6.49,858.05,A,A2,Occupational Therapist,10+ years,MORTGAGE,82000,Verified,15-Dec,Fully Paid,n,https://lendingclub.com/browse/loanDetail.action?loan_id=68386309,,credit_card,Credit card refinancing,064xx,CT,12.67,0,30864.34767,30864.35,28000,2864.35,0,0,0,Jan-19,857.84
68536168,2500,2500,2500,36 months,14.85,86.48,C,C5,Technical assistant ,10+ years,RENT,32000,Source Verified,15-Dec,Fully Paid,n,https://lendingclub.com/browse/loanDetail.action?loan_id=68536168,,major_purchase,Major purchase,917xx,CA,16.73,0,2918.7423383505998,2918.74,2500,418.74,0,0,0,May-17,1626.7
68616060,24000,24000,24000,60 months,8.49,492.29,B,B1,Director- Digital Services ,10+ years,MORTGAGE,150000,Source Verified,15-Dec,Current,n,https://lendingclub.com/browse/loanDetail.action?loan_id=68616060,,debt_consolidation,Debt consolidation,946xx,CA,23.7,1,18689.73,18689.73,14003.62,4686.11,0,0,0,Mar-19,492.29
68546837,5000,5000,5000,36 months,8.49,157.82,B,B1,Program Analyst,< 1 year,MORTGAGE,29000,Not Verified,15-Dec,Fully Paid,n,https://lendingclub.com/browse/loanDetail.action?loan_id=68546837,,debt_consolidation,Debt consolidation,357xx,AL,6.46,0,5592.829128,5592.83,5000,592.83,0,0,0,Jan-18,1968.87
67476439,17200,17200,17200,60 months,17.27,429.97,D,D3,Communications Coordinator,1 year,RENT,37440,Not Verified,15-Dec,Current,n,https://lendingclub.com/browse/loanDetail.action?loan_id=67476439,,debt_consolidation,Debt consolidation,209xx,MD,33.37,0,16421.36,16421.36,9141.35,7280.01,0,0,0,Mar-19,429.97
68466172,15000,15000,15000,60 months,11.48,329.74,B,B5,2nd Pressman,2 years,RENT,57000,Verified,15-Dec,Current,n,https://lendingclub.com/browse/loanDetail.action?loan_id=68466172,,credit_card,Credit card refinancing,625xx,IL,20.67,0,12506.2,12506.2,8486.31,4019.89,0,0,0,Feb-19,329.74
68496517,14400,14400,14400,60 months,11.99,320.25,C,C1,Reporter,< 1 year,MORTGAGE,85000,Verified,15-Dec,Current,n,https://lendingclub.com/browse/loanDetail.action?loan_id=68496517,,home_improvement,Home improvement,352xx,AL,21.78,0,12145.52,12145.52,8103.37,4042.15,0,0,0,Feb-19,320.25
68576989,1400,1400,1400,36 months,16.59,49.63,D,D2,Human Resource,10+ years,MORTGAGE,54000,Source Verified,15-Dec,Fully Paid,n,https://lendingclub.com/browse/loanDetail.action?loan_id=68576989,,home_improvement,Home improvement,355xx,AL,20.24,0,1783.385985,1783.39,1400,383.39,0,0,0,Jan-19,49.57
68614009,8200,8200,8200,36 months,16.59,290.69,D,D2,owner / waiter,3 years,MORTGAGE,79000,Not Verified,15-Dec,Fully Paid,n,https://lendingclub.com/browse/loanDetail.action?loan_id=68614009,,debt_consolidation,Debt consolidation,494xx,MI,0.76,1,9130.679214,9130.68,8200,930.68,0,0,0,Mar-17,291.25
68577205,5400,5400,5400,36 months,5.32,162.62,A,A1,Mental Health Clinician,2 years,RENT,41000,Not Verified,15-Dec,Fully Paid,n,https://lendingclub.com/browse/loanDetail.action?loan_id=68577205,,credit_card,Credit card refinancing,021xx,MA,26.23,0,5850.322950266999,5850.32,5400,450.32,0,0,0,Jan-19,162.61
68436292,25000,25000,25000,36 months,11.48,824.17,B,B5,Regional Sales Coordinator ,10+ years,RENT,185000,Not Verified,15-Dec,Fully Paid,n,https://lendingclub.com/browse/loanDetail.action?loan_id=68436292,,debt_consolidation,Debt consolidation,852xx,AZ,14.03,0,29640.61174,29640.61,25000,4640.61,0,0,0,Jan-19,823.84
68356205,20000,20000,20000,36 months,12.88,672.73,C,C2,Head Custodian,10+ years,OWN,50000,Source Verified,15-Dec,Fully Paid,n,https://lendingclub.com/browse/loanDetail.action?loan_id=68356205,,debt_consolidation,Debt consolidation,430xx,OH,4.94,0,24182.22194,24182.22,20000,4182.22,0,0,0,Jan-19,672.45
68506100,24000,24000,24000,60 months,9.8,507.58,B,B3,Principal,< 1 year,RENT,75000,Not Verified,15-Dec,Current,n,https://lendingclub.com/browse/loanDetail.action?loan_id=68506100,,debt_consolidation,Debt consolidation,292xx,SC,22.94,1,19353.37,19353.37,13817.43,5535.94,0,0,0,Mar-19,507.58
68426149,25500,25500,25500,36 months,11.99,846.85,C,C1,Software Tech,7 years,RENT,72000,Not Verified,15-Dec,Fully Paid,n,https://lendingclub.com/browse/loanDetail.action?loan_id=68426149,,credit_card,Credit card refinancing,070xx,NJ,16.37,0,29008.333044072402,29008.33,25500,3508.33,0,0,0,Jun-17,15484.21
68416298,13475,13475,13475,36 months,7.91,421.7,A,A5,"mechanic "" A """,10+ years,OWN,120000,Verified,15-Dec,Fully Paid,n,https://lendingclub.com/browse/loanDetail.action?loan_id=68416298,,other,Other,075xx,NJ,19.79,0,15166.33049,15166.33,13475,1691.33,0,0,0,Jan-19,421.63
67456183,7200,7200,7200,36 months,8.49,227.26,B,B1,Sr. Systems Associate,4 years,RENT,42000,Source Verified,15-Dec,Fully Paid,n,https://lendingclub.com/browse/loanDetail.action?loan_id=67456183,,major_purchase,Major purchase,303xx,GA,13.54,0,7894.988562,7894.99,7200,694.99,0,0,0,Jun-17,3895.79
68606410,30000,30000,30000,36 months,14.85,1037.76,C,C5,Director of Marketing and Sales,6 years,MORTGAGE,124000,Not Verified,15-Dec,Fully Paid,n,https://lendingclub.com/browse/loanDetail.action?loan_id=68606410,,debt_consolidation,Debt consolidation,145xx,NY,15.61,0,37889.63544,37889.64,30000,7459.52,430.12,0,0,Feb-19,162.04
68385297,15000,15000,15000,36 months,8.49,473.45,B,B1,Program Manager,< 1 year,RENT,50500,Not Verified,15-Dec,Fully Paid,n,https://lendingclub.com/browse/loanDetail.action?loan_id=68385297,,debt_consolidation,Debt consolidation,553xx,MN,24.76,0,16198.76501,16198.77,15000,1198.77,0,0,0,Feb-17,10535.06
68577133,21600,21600,21600,60 months,19.48,566.04,E,E2,Engineer,5 years,MORTGAGE,121000,Verified,15-Dec,Charged Off,n,https://lendingclub.com/browse/loanDetail.action?loan_id=68577133,,debt_consolidation,Debt consolidation,660xx,KS,19.93,2,16356.72,16356.72,7897.44,8459.28,0,0,0,Jun-18,566.04
68436164,15000,15000,15000,60 months,11.99,333.6,C,C1,Loan Officer,3 years,MORTGAGE,100000,Source Verified,15-Dec,Fully Paid,n,https://lendingclub.com/browse/loanDetail.action?loan_id=68436164,,debt_consolidation,Debt consolidation,189xx,PA,7.58,0,18269.25851,18269.26,15000,3269.26,0,0,0,Mar-18,9954.24
67565683,11000,11000,11000,60 months,18.99,285.29,E,E1,shipping clerk,10+ years,RENT,55000,Verified,15-Dec,Fully Paid,n,https://lendingclub.com/browse/loanDetail.action?loan_id=67565683,,moving,Moving and relocation,117xx,NY,0.94,0,12560.98,12560.98,11000,1560.98,0,0,0,Nov-16,15.71
68386391,6400,6400,6400,36 months,13.44,217.01,C,C3,Administrative Secretary,10+ years,RENT,54000,Source Verified,15-Dec,Charged Off,n,https://lendingclub.com/browse/loanDetail.action?loan_id=68386391,,debt_consolidation,Debt consolidation,021xx,MA,27.44,2,2662.26,2662.26,1528.78,629.37,0,504.11,90.7398,Nov-16,217.01
68466281,10000,10000,10000,36 months,8.49,315.63,B,B1,Teacher,4 years,RENT,63000,Not Verified,15-Dec,Charged Off,n,https://lendingclub.com/browse/loanDetail.action?loan_id=68466281,,debt_consolidation,Debt consolidation,770xx,TX,24.67,0,9268.7,9268.7,6512.85,1320.07,15.78,1420,255.6,Jun-18,250
68544584,25200,25200,25200,60 months,10.78,545.15,B,B4,Project Manager,10+ years,MORTGAGE,90000,Not Verified,15-Dec,Current,n,https://lendingclub.com/browse/loanDetail.action?loan_id=68544584,,debt_consolidation,Debt consolidation,441xx,OH,15.45,0,24618.51,24618.51,19227.71,5390.8,0,0,0,Mar-19,640.85
68010309,5725,5725,5725,36 months,6.99,176.75,A,A3,TEACHER,3 years,RENT,25000,Not Verified,15-Dec,Fully Paid,n,https://lendingclub.com/browse/loanDetail.action?loan_id=68010309,,debt_consolidation,Debt consolidation,951xx,CA,12.67,0,6350.579028691801,6350.58,5725,625.58,0,0,0,Dec-18,176.56
68475514,15000,15000,15000,60 months,16.59,369.49,D,D2,PFS Director,2 years,MORTGAGE,58000,Verified,15-Dec,Current,n,https://lendingclub.com/browse/loanDetail.action?loan_id=68475514,,debt_consolidation,Debt consolidation,674xx,KS,35.63,0,14006.06,14006.06,8032.19,5973.87,0,0,0,Feb-19,369.49
68596146,15600,15600,15600,36 months,8.49,492.39,B,B1,Charge Nurse,5 years,OWN,38000,Not Verified,15-Dec,Charged Off,n,https://lendingclub.com/browse/loanDetail.action?loan_id=68596146,,debt_consolidation,Debt consolidation,710xx,LA,17.59,0,9642.01,9642.01,7739.62,1597.39,0,305,54.9,Aug-17,492.39
68340428,11400,11400,11400,60 months,14.85,270.31,C,C5,Auditor,1 year,MORTGAGE,56888,Source Verified,15-Dec,Current,n,https://lendingclub.com/browse/loanDetail.action?loan_id=68340428,,home_improvement,,335xx,FL,9.11,0,10248.27,10248.27,6221.89,4026.38,0,0,0,Feb-19,270.31
68494769,20000,20000,20000,60 months,17.27,499.96,D,D3,Human Resources Director,9 years,RENT,124000,Not Verified,15-Dec,Charged Off,n,https://lendingclub.com/browse/loanDetail.action?loan_id=68494769,,credit_card,Credit card refinancing,919xx,CA,31.23,0,5363.88,5363.88,1550.56,1901.19,0,1912.13,344.1834,Aug-16,499.96
68366017,4550,4550,4550,36 months,10.78,148.49,B,B4,Project Manager,5 years,MORTGAGE,78000,Not Verified,15-Dec,Fully Paid,n,https://lendingclub.com/browse/loanDetail.action?loan_id=68366017,,small_business,Business,476xx,IN,26.08,0,5136.927752579601,5136.93,4550,586.93,0,0,0,Jul-17,2619.41
68356320,11000,11000,11000,36 months,11.48,362.64,B,B5,SENIOR DESIGN ENGINEER,4 years,MORTGAGE,75000,Verified,15-Dec,Fully Paid,n,https://lendingclub.com/browse/loanDetail.action?loan_id=68356320,,debt_consolidation,Debt consolidation,553xx,MN,10.78,0,13097.704291921598,13097.7,11000,2097.7,0,0,0,Jan-19,370.23
68566236,26825,26825,26825,60 months,18.99,695.71,E,E1,Business Analyst,10+ years,MORTGAGE,66548,Verified,15-Dec,Fully Paid,n,https://lendingclub.com/browse/loanDetail.action?loan_id=68566236,,debt_consolidation,Debt consolidation,550xx,MN,31.61,0,31362.88183,31362.88,26825,4537.88,0,0,0,Dec-16,24476.53
68566185,8375,8375,8375,36 months,13.99,286.2,C,C4,Paraprofessional,10+ years,OWN,32000,Source Verified,15-Dec,Charged Off,n,https://lendingclub.com/browse/loanDetail.action?loan_id=68566185,,debt_consolidation,Debt consolidation,717xx,AR,7.5,0,4500.23,4500.23,2627.81,1125.33,15,732.09,131.7762,Mar-17,286.2
68546831,25000,25000,25000,36 months,8.49,789.08,B,B1,Controller,3 years,MORTGAGE,135000,Not Verified,15-Dec,Fully Paid,n,https://lendingclub.com/browse/loanDetail.action?loan_id=68546831,,debt_consolidation,Debt consolidation,114xx,NY,22.37,2,28331.49077,28331.49,25000,3331.49,0,0,0,Nov-18,2171.33
68546739,15000,15000,15000,60 months,19.89,396.5,E,E3,Store manager ,9 years,RENT,50000,Verified,15-Dec,Charged Off,n,https://lendingclub.com/browse/loanDetail.action?loan_id=68546739,,debt_consolidation,Debt consolidation,300xx,GA,21.87,0,10885.37,10885.37,4315.36,5043.17,0,1526.84,274.8312,Dec-17,396.5
68356229,19200,19200,19200,36 months,5.32,578.21,A,A1,Interior design project manager,8 years,RENT,60000,Not Verified,15-Dec,Fully Paid,n,https://lendingclub.com/browse/loanDetail.action?loan_id=68356229,,credit_card,Credit card refinancing,112xx,NY,17.84,0,20801.12861,20801.13,19200,1601.13,0,0,0,Jan-19,577.97
68485505,16000,16000,16000,36 months,14.85,553.48,C,C5,owner,5 years,MORTGAGE,70000,Source Verified,15-Dec,Fully Paid,n,https://lendingclub.com/browse/loanDetail.action?loan_id=68485505,,small_business,Business,614xx,IL,26.16,0,19045.40301,19045.4,16000,3045.4,0,0,0,Sep-17,7502.28
68514195,18000,18000,18000,60 months,20.5,481.92,E,E4,E-6,8 years,MORTGAGE,60000,Verified,15-Dec,Current,n,https://lendingclub.com/browse/loanDetail.action?loan_id=68514195,,moving,Moving and relocation,156xx,PA,34.38,1,18285.81,18285.81,9210.18,9051.53,24.1,0,0,Feb-19,987.94
68366448,24000,24000,24000,36 months,7.49,746.44,A,A4,,,MORTGAGE,48000,Not Verified,15-Dec,Fully Paid,n,https://lendingclub.com/browse/loanDetail.action?loan_id=68366448,,credit_card,Credit card refinancing,853xx,AZ,16.58,0,26856.818715547597,26856.82,24000,2856.82,0,0,0,Jan-19,746.41
68516183,12000,12000,12000,36 months,5.32,361.38,A,A1,Secetary,2 years,OWN,50000,Source Verified,15-Dec,Fully Paid,n,https://lendingclub.com/browse/loanDetail.action?loan_id=68516183,,credit_card,Credit card refinancing,403xx,KY,7.54,0,13000.707803673999,13000.71,12000,1000.71,0,0,0,Jan-19,361.28
68465849,14400,14400,14400,36 months,9.17,459.06,B,B2,engineer,10+ years,RENT,82000,Not Verified,15-Dec,Fully Paid,n,https://lendingclub.com/browse/loanDetail.action?loan_id=68465849,,major_purchase,Major purchase,461xx,IN,12.47,1,15729.17358,15729.17,14400,1329.17,0,0,0,Mar-17,9749.14
68496500,4325,4325,4325,36 months,9.8,139.15,B,B3,Department of Public Safety Officer,2 years,MORTGAGE,40000,Not Verified,15-Dec,Fully Paid,n,https://lendingclub.com/browse/loanDetail.action?loan_id=68496500,,car,Car financing,653xx,MO,14.79,0,5003.502696,5003.5,4325,678.5,0,0,0,Jan-19,139.14
68356324,7500,7500,7500,36 months,16.59,265.87,D,D2,MD,3 years,OWN,50000,Source Verified,15-Dec,Fully Paid,n,https://lendingclub.com/browse/loanDetail.action?loan_id=68356324,,home_improvement,Home improvement,265xx,WV,26.76,1,8799.461882,8799.46,7500,1299.46,0,0,0,Apr-17,5094.56
68384488,25000,25000,25000,60 months,10.78,540.83,B,B4,Sous Chef,6 years,RENT,50000,Verified,15-Dec,Fully Paid,n,https://lendingclub.com/browse/loanDetail.action?loan_id=68384488,,credit_card,Credit card refinancing,770xx,TX,39.3,0,29115.86912,29115.87,25000,4115.87,0,0,0,Oct-17,18336.7
68486508,14000,14000,14000,36 months,10.78,456.89,B,B4,,,MORTGAGE,120000,Source Verified,15-Dec,Fully Paid,n,https://lendingclub.com/browse/loanDetail.action?loan_id=68486508,,credit_card,Credit card refinancing,383xx,TN,12.52,1,15919.45274,15919.45,14000,1919.45,0,0,0,Aug-17,7461.08
68366314,13000,13000,13000,60 months,13.99,302.42,C,C4,RN,1 year,RENT,62500,Verified,15-Dec,Current,n,https://lendingclub.com/browse/loanDetail.action?loan_id=68366314,,credit_card,Credit card refinancing,482xx,MI,15.35,1,12195.47,12195.47,7897,4298.47,0,0,0,Mar-19,302.42
68426029,3525,3525,3525,36 months,11.48,116.21,B,B5,Sewing,1 year,RENT,20000,Not Verified,15-Dec,Fully Paid,n,https://lendingclub.com/browse/loanDetail.action?loan_id=68426029,,credit_card,Credit card refinancing,333xx,FL,25.63,0,4171.463569,4171.46,3525,646.46,0,0,0,Oct-18,458.36
68616109,5400,5400,5400,36 months,9.8,173.74,B,B3,Software Engineer Developer,2 years,RENT,80000,Source Verified,15-Dec,Charged Off,n,https://lendingclub.com/browse/loanDetail.action?loan_id=68616109,,debt_consolidation,Debt consolidation,787xx,TX,18.17,3,2653.47,2653.47,1889.39,405.99,0,358.09,64.4562,Dec-16,173.74
68356182,24000,24000,24000,60 months,23.13,678.37,F,F2,Program Analyst,6 years,MORTGAGE,104000,Verified,15-Dec,Fully Paid,n,https://lendingclub.com/browse/loanDetail.action?loan_id=68356182,,debt_consolidation,Debt consolidation,207xx,MD,24.75,0,30660.269252137798,30660.27,24000,6660.27,0,0,0,Apr-17,21240.19
68406556,17000,17000,17000,36 months,6.49,520.96,A,A2,Commercial closer,2 years,MORTGAGE,52000,Not Verified,15-Dec,Fully Paid,n,https://lendingclub.com/browse/loanDetail.action?loan_id=68406556,,debt_consolidation,Debt consolidation,349xx,FL,12.29,1,17609.28,17609.28,17000,609.28,0,0,0,Aug-16,14498.84
68513568,10000,10000,10000,36 months,13.44,339.07,C,C3,GM FOH,10+ years,MORTGAGE,90000,Verified,15-Dec,Fully Paid,n,https://lendingclub.com/browse/loanDetail.action?loan_id=68513568,,credit_card,Credit card refinancing,328xx,FL,16.28,0,11238.24486,11238.24,10000,1238.24,0,0,0,Feb-17,7188.07
68566142,35000,35000,35000,60 months,17.97,888.2,D,D4,IT Analyst,10+ years,MORTGAGE,150000,Not Verified,15-Dec,Fully Paid,n,https://lendingclub.com/browse/loanDetail.action?loan_id=68566142,,debt_consolidation,Debt consolidation,190xx,PA,25.11,1,43193.30575,43193.31,35000,8193.31,0,0,0,Jun-17,29069.46
68406337,12000,12000,12000,60 months,8.49,246.15,B,B1,Process Development Supervisor,< 1 year,MORTGAGE,68000,Not Verified,15-Dec,Fully Paid,n,https://lendingclub.com/browse/loanDetail.action?loan_id=68406337,,debt_consolidation,Debt consolidation,277xx,NC,12.02,0,13933.50073,13933.5,12000,1933.5,0,0,0,May-18,7298.77
68416279,21600,21600,21600,60 months,14.85,512.17,C,C5,QA Release Auditor,4 years,MORTGAGE,86000,Source Verified,15-Dec,Fully Paid,n,https://lendingclub.com/browse/loanDetail.action?loan_id=68416279,,other,Other,014xx,MA,13.58,0,22113.14,22113.14,21600,513.14,0,0,0,Mar-16,21645.52
68496486,4000,4000,4000,36 months,15.77,140.18,D,D1,Counselor,1 year,RENT,60000,Verified,15-Dec,Fully Paid,n,https://lendingclub.com/browse/loanDetail.action?loan_id=68496486,,credit_card,Credit card refinancing,239xx,VA,38.02,0,5037.461958,5037.46,4000,1037.46,0,0,0,Jan-19,139.92
68485339,18000,18000,18000,36 months,5.32,542.07,A,A1,buyer,7 years,OWN,200000,Not Verified,15-Dec,Fully Paid,n,https://lendingclub.com/browse/loanDetail.action?loan_id=68485339,,debt_consolidation,Debt consolidation,752xx,TX,13.57,0,19200.043823666398,19200.04,18000,1200.04,0,0,0,Sep-17,8914.01
68366474,20900,20900,20900,36 months,18.49,760.74,D,D5,Senior accounts payable coordinator ,2 years,OWN,55000,Not Verified,15-Dec,Fully Paid,n,https://lendingclub.com/browse/loanDetail.action?loan_id=68366474,,car,Car financing,021xx,MA,18.96,0,27332.60676,27332.61,20900,6432.61,0,0,0,Jan-19,760.38
68375884,20825,20825,20825,60 months,16.59,512.98,D,D2,Network Manager,10+ years,MORTGAGE,81500,Verified,15-Dec,Fully Paid,n,https://lendingclub.com/browse/loanDetail.action?loan_id=68375884,,debt_consolidation,Debt consolidation,300xx,GA,24.59,2,27960.78865,27960.79,20825,7135.79,0,0,0,Jul-18,13132.35
68436296,10175,10175,10175,36 months,9.8,327.37,B,B3,RN,3 years,MORTGAGE,65000,Verified,15-Dec,Fully Paid,n,https://lendingclub.com/browse/loanDetail.action?loan_id=68436296,,debt_consolidation,Debt consolidation,330xx,FL,28.03,0,11715.31279,11715.31,10175,1540.31,0,0,0,Jul-18,1735.43
68526156,12000,12000,12000,60 months,16.59,295.6,D,D2,Store manager,10+ years,MORTGAGE,101000,Not Verified,15-Dec,Fully Paid,n,https://lendingclub.com/browse/loanDetail.action?loan_id=68526156,,debt_consolidation,Debt consolidation,913xx,CA,22.96,0,16395.59368,16395.59,12000,4395.59,0,0,0,Oct-18,6964.04
68476082,20000,20000,20000,60 months,15.77,483.93,D,D1,Team leader,6 years,RENT,57000,Verified,15-Dec,Charged Off,n,https://lendingclub.com/browse/loanDetail.action?loan_id=68476082,,debt_consolidation,Debt consolidation,283xx,NC,21.09,0,9386.68,9386.68,3639.61,3575.53,0,2171.54,390.8772,Apr-17,483.93
68423720,4000,4000,4000,36 months,9.8,128.7,B,B3,admin. secretary,10+ years,MORTGAGE,47000,Not Verified,15-Dec,Fully Paid,n,https://lendingclub.com/browse/loanDetail.action?loan_id=68423720,,home_improvement,Home improvement,604xx,IL,19.59,0,4344.160062,4344.16,4000,344.16,0,0,0,Oct-17,575.6
68476013,15000,15000,15000,36 months,10.78,489.52,B,B4,IT Manager,10+ years,MORTGAGE,200000,Source Verified,15-Dec,Charged Off,n,https://lendingclub.com/browse/loanDetail.action?loan_id=68476013,,credit_card,Credit card refinancing,627xx,IL,13.57,0,12030.54,12030.54,4413.28,964.26,0,6653,1197.54,Sep-16,600
68505311,16000,16000,16000,60 months,18.49,410.58,D,D5,sales,10+ years,RENT,65000,Verified,15-Dec,Fully Paid,n,https://lendingclub.com/browse/loanDetail.action?loan_id=68505311,,credit_card,,300xx,GA,15.73,0,19276.15996,19276.16,16000,3276.16,0,0,0,Mar-17,13979.71
68366427,15500,15500,15500,60 months,8.49,317.94,B,B1,Advisory Director,1 year,OWN,135000,Source Verified,15-Dec,Current,n,https://lendingclub.com/browse/loanDetail.action?loan_id=68366427,,credit_card,Credit card refinancing,117xx,NY,12.33,1,12063.44,12063.44,9044.13,3019.31,0,0,0,Feb-19,317.94
68406558,14000,14000,14000,60 months,15.77,338.75,D,D1,Contracting Officer,10+ years,RENT,132700,Source Verified,15-Dec,Fully Paid,n,https://lendingclub.com/browse/loanDetail.action?loan_id=68406558,,debt_consolidation,Debt consolidation,172xx,PA,25.38,2,18466.46523,18466.47,14000,4466.47,0,0,0,Jul-18,93.38
68506227,4175,4175,4175,36 months,12.88,140.44,C,C2,Child Support Officer,4 years,MORTGAGE,50720,Source Verified,15-Dec,Fully Paid,n,https://lendingclub.com/browse/loanDetail.action?loan_id=68506227,,debt_consolidation,Debt consolidation,563xx,MN,9.16,0,4646.681998,4646.68,4175,471.68,0,0,0,Jan-17,3109.31
68476104,5000,5000,5000,36 months,11.48,164.84,B,B5,County Clerk,8 years,OWN,43498,Verified,15-Dec,Charged Off,n,https://lendingclub.com/browse/loanDetail.action?loan_id=68476104,,debt_consolidation,Debt consolidation,768xx,TX,26.2,1,5104.71,5104.71,3602.61,925.1,15,562,101.16,Sep-18,100
66140953,20000,20000,20000,36 months,9.17,637.58,B,B2,,,MORTGAGE,60000,Source Verified,15-Dec,Fully Paid,n,https://lendingclub.com/browse/loanDetail.action?loan_id=66140953,,credit_card,Credit card refinancing,992xx,WA,10.45,0,21664.66602,21664.67,20000,1632.79,31.88,0,0,Jan-17,14671.67
68506170,30000,30000,30000,36 months,6.99,926.18,A,A3,Director Strategic Sales,10+ years,MORTGAGE,202000,Not Verified,15-Dec,Fully Paid,n,https://lendingclub.com/browse/loanDetail.action?loan_id=68506170,,credit_card,Credit card refinancing,038xx,NH,11.65,0,31106.1,31106.1,30000,1106.1,0,0,0,Aug-16,25578.14
68526310,5500,5500,5500,36 months,11.99,182.66,C,C1,Service Coordinator,3 years,RENT,37000,Source Verified,15-Dec,Fully Paid,n,https://lendingclub.com/browse/loanDetail.action?loan_id=68526310,,debt_consolidation,Debt consolidation,955xx,CA,21.15,0,,,,,,,,,
